,Media Source,Compound,Positive,Negative,Neutral,Date,Tweets Ago,Tweet
0,@BBC,-0.6249,0.124,0.581,0.295,Thu Mar 29 11:00:21 +0000 2018,1,"This bizarrely cute creature is just the latest species to suffer a social media selfie ban. 
üëâ‚Ä¶ https://t.co/bG9qcXtouW"
1,@BBC,0.6908,0.231,0.769,0.0,Thu Mar 29 10:18:02 +0000 2018,2,"RT @BBCRadio2: Today we say farewell to the brilliant @RealLynnBowles. üò¢
Her sharp wit, warm tones, and encyclopaedic knowledge of the UK's‚Ä¶"
2,@BBC,0.784,0.345,0.655,0.0,Thu Mar 29 08:00:12 +0000 2018,3,üê∂‚ù§Ô∏è Biscuit the robotic pup is helping the elderly cope with conditions like dementia. What a good boy! https://t.co/5vpg6KS031
3,@BBC,0.0,0.0,1.0,0.0,Thu Mar 29 07:27:07 +0000 2018,4,üëÄüå∏ The world famous cherry blossoms of Japan bring hundreds of thousands of visitors to see them and this year they‚Ä¶ https://t.co/kGMsyZnWzi
4,@BBC,0.0,0.0,1.0,0.0,Thu Mar 29 07:00:10 +0000 2018,5,"What do you get if you cross a polar bear and a grizzly? 

üêªüòç‚Ä¶ A pizzly! 
#DavidAttenboroughsNaturalCuriosities https://t.co/FwqiMiTd2m"
5,@BBC,0.0,0.0,1.0,0.0,Wed Mar 28 18:00:05 +0000 2018,6,üáÆüá™ This 800-year-old hotel in Ireland is simply incredible.  #AmazingHotels https://t.co/OAKKCsexPW
6,@BBC,0.296,0.109,0.891,0.0,Wed Mar 28 17:00:12 +0000 2018,7,"üìö 'Words do not live in dictionaries. They live in the mind.'

Hear the only surviving recording of #VirginiaWoolf,‚Ä¶ https://t.co/Puwg8Mve7N"
7,@BBC,-0.8225,0.0,0.688,0.312,Wed Mar 28 16:30:00 +0000 2018,8,The government rates the global outbreak of a deadly flu virus as a major threat to the UK. But how are flu vaccine‚Ä¶ https://t.co/wzMylfDBrP
8,@BBC,0.0,0.0,1.0,0.0,Wed Mar 28 16:00:10 +0000 2018,9,Slacking off in Dubai. https://t.co/a3oSKIxfSK
9,@BBC,0.7506,0.28,0.72,0.0,Wed Mar 28 15:35:27 +0000 2018,10,RT @BBCTheOneShow: The fantastic @george_ezra warming up with a quick cuppa after sound check. Join us at 7pm where he‚Äôll be performing liv‚Ä¶
10,@BBC,0.0,0.0,1.0,0.0,Wed Mar 28 13:32:04 +0000 2018,11,"Two-thirds of drivers say they are ""regularly dazzled"" by oncoming headlights. üöò https://t.co/gwSgpsP6xx https://t.co/i9m9ph8QM1"
11,@BBC,-0.3182,0.0,0.887,0.113,Wed Mar 28 12:26:01 +0000 2018,12,"The Masked Plumber is back. 
And this time, he wants to show you how to unblock a sink trap. https://t.co/t1NIgRpZnO"
12,@BBC,0.0,0.0,1.0,0.0,Wed Mar 28 11:50:54 +0000 2018,13,RT @bbceurovision: We are starting a #Eurovision 2018 group chat. The tea from when @surieofficial met @saaraaalto üëâ https://t.co/c3PuiYT6S‚Ä¶
13,@BBC,0.0,0.0,1.0,0.0,Wed Mar 28 11:49:07 +0000 2018,14,"RT @BBCR1: ""Last night I did have a very, very large bra, and it was very, very sweaty.""

@JaredLeto lets @Grimmers know about what gets th‚Ä¶"
14,@BBC,0.0,0.0,1.0,0.0,Wed Mar 28 11:47:35 +0000 2018,15,"RT @BBCRadio4: Listen to the first three episodes of The Hitchhiker's Guide to the Galaxy: Hexagonal Phase now.

https://t.co/GdvQZf3ijv

#‚Ä¶"
15,@BBC,-0.34,0.0,0.902,0.098,Wed Mar 28 11:47:08 +0000 2018,16,"RT @bbcworldservice: Do you say fireman or firefighter? The woman in charge of the London Fire Brigade, Dany Cotton, says 'fireman' is sexi‚Ä¶"
16,@BBC,0.0,0.0,1.0,0.0,Wed Mar 28 11:45:32 +0000 2018,17,RT @BBCBreakfast: Take a look at this if you're wondering WHO PAYS for running the new plastic bottle and can deposit scheme: https://t.co/‚Ä¶
17,@BBC,0.0,0.0,1.0,0.0,Wed Mar 28 11:42:34 +0000 2018,18,RT @BBCNewsround: Some advice from children on what NOT to say to people with an #invisiblecondition https://t.co/mGUj3TWB2J #Dynamo https:‚Ä¶
18,@BBC,0.3182,0.108,0.837,0.056,Wed Mar 28 11:30:09 +0000 2018,19,‚ôªÔ∏èüëõ People in England will soon have to pay a deposit when they buy drinks bottles and cans in a bid to boost recyc‚Ä¶ https://t.co/qyKBqES5b3
19,@BBC,0.0,0.0,1.0,0.0,Wed Mar 28 11:04:03 +0000 2018,20,"üò≤ Scientists in Australia have discovered the remains of a mummy in a 2,500-year-old coffin that was previously cla‚Ä¶ https://t.co/2S4q2mDImu"
20,@BBC,-0.6249,0.124,0.581,0.295,Thu Mar 29 11:00:21 +0000 2018,21,"This bizarrely cute creature is just the latest species to suffer a social media selfie ban. 
üëâ‚Ä¶ https://t.co/bG9qcXtouW"
21,@BBC,0.6908,0.231,0.769,0.0,Thu Mar 29 10:18:02 +0000 2018,22,"RT @BBCRadio2: Today we say farewell to the brilliant @RealLynnBowles. üò¢
Her sharp wit, warm tones, and encyclopaedic knowledge of the UK's‚Ä¶"
22,@BBC,0.784,0.345,0.655,0.0,Thu Mar 29 08:00:12 +0000 2018,23,üê∂‚ù§Ô∏è Biscuit the robotic pup is helping the elderly cope with conditions like dementia. What a good boy! https://t.co/5vpg6KS031
23,@BBC,0.0,0.0,1.0,0.0,Thu Mar 29 07:27:07 +0000 2018,24,üëÄüå∏ The world famous cherry blossoms of Japan bring hundreds of thousands of visitors to see them and this year they‚Ä¶ https://t.co/kGMsyZnWzi
24,@BBC,0.0,0.0,1.0,0.0,Thu Mar 29 07:00:10 +0000 2018,25,"What do you get if you cross a polar bear and a grizzly? 

üêªüòç‚Ä¶ A pizzly! 
#DavidAttenboroughsNaturalCuriosities https://t.co/FwqiMiTd2m"
25,@BBC,0.0,0.0,1.0,0.0,Wed Mar 28 18:00:05 +0000 2018,26,üáÆüá™ This 800-year-old hotel in Ireland is simply incredible.  #AmazingHotels https://t.co/OAKKCsexPW
26,@BBC,0.296,0.109,0.891,0.0,Wed Mar 28 17:00:12 +0000 2018,27,"üìö 'Words do not live in dictionaries. They live in the mind.'

Hear the only surviving recording of #VirginiaWoolf,‚Ä¶ https://t.co/Puwg8Mve7N"
27,@BBC,-0.8225,0.0,0.688,0.312,Wed Mar 28 16:30:00 +0000 2018,28,The government rates the global outbreak of a deadly flu virus as a major threat to the UK. But how are flu vaccine‚Ä¶ https://t.co/wzMylfDBrP
28,@BBC,0.0,0.0,1.0,0.0,Wed Mar 28 16:00:10 +0000 2018,29,Slacking off in Dubai. https://t.co/a3oSKIxfSK
29,@BBC,0.7506,0.28,0.72,0.0,Wed Mar 28 15:35:27 +0000 2018,30,RT @BBCTheOneShow: The fantastic @george_ezra warming up with a quick cuppa after sound check. Join us at 7pm where he‚Äôll be performing liv‚Ä¶
30,@BBC,0.0,0.0,1.0,0.0,Wed Mar 28 13:32:04 +0000 2018,31,"Two-thirds of drivers say they are ""regularly dazzled"" by oncoming headlights. üöò https://t.co/gwSgpsP6xx https://t.co/i9m9ph8QM1"
31,@BBC,-0.3182,0.0,0.887,0.113,Wed Mar 28 12:26:01 +0000 2018,32,"The Masked Plumber is back. 
And this time, he wants to show you how to unblock a sink trap. https://t.co/t1NIgRpZnO"
32,@BBC,0.0,0.0,1.0,0.0,Wed Mar 28 11:50:54 +0000 2018,33,RT @bbceurovision: We are starting a #Eurovision 2018 group chat. The tea from when @surieofficial met @saaraaalto üëâ https://t.co/c3PuiYT6S‚Ä¶
33,@BBC,0.0,0.0,1.0,0.0,Wed Mar 28 11:49:07 +0000 2018,34,"RT @BBCR1: ""Last night I did have a very, very large bra, and it was very, very sweaty.""

@JaredLeto lets @Grimmers know about what gets th‚Ä¶"
34,@BBC,0.0,0.0,1.0,0.0,Wed Mar 28 11:47:35 +0000 2018,35,"RT @BBCRadio4: Listen to the first three episodes of The Hitchhiker's Guide to the Galaxy: Hexagonal Phase now.

https://t.co/GdvQZf3ijv

#‚Ä¶"
35,@BBC,-0.34,0.0,0.902,0.098,Wed Mar 28 11:47:08 +0000 2018,36,"RT @bbcworldservice: Do you say fireman or firefighter? The woman in charge of the London Fire Brigade, Dany Cotton, says 'fireman' is sexi‚Ä¶"
36,@BBC,0.0,0.0,1.0,0.0,Wed Mar 28 11:45:32 +0000 2018,37,RT @BBCBreakfast: Take a look at this if you're wondering WHO PAYS for running the new plastic bottle and can deposit scheme: https://t.co/‚Ä¶
37,@BBC,0.0,0.0,1.0,0.0,Wed Mar 28 11:42:34 +0000 2018,38,RT @BBCNewsround: Some advice from children on what NOT to say to people with an #invisiblecondition https://t.co/mGUj3TWB2J #Dynamo https:‚Ä¶
38,@BBC,0.3182,0.108,0.837,0.056,Wed Mar 28 11:30:09 +0000 2018,39,‚ôªÔ∏èüëõ People in England will soon have to pay a deposit when they buy drinks bottles and cans in a bid to boost recyc‚Ä¶ https://t.co/qyKBqES5b3
39,@BBC,0.0,0.0,1.0,0.0,Wed Mar 28 11:04:03 +0000 2018,40,"üò≤ Scientists in Australia have discovered the remains of a mummy in a 2,500-year-old coffin that was previously cla‚Ä¶ https://t.co/2S4q2mDImu"
40,@BBC,-0.6249,0.124,0.581,0.295,Thu Mar 29 11:00:21 +0000 2018,41,"This bizarrely cute creature is just the latest species to suffer a social media selfie ban. 
üëâ‚Ä¶ https://t.co/bG9qcXtouW"
41,@BBC,0.6908,0.231,0.769,0.0,Thu Mar 29 10:18:02 +0000 2018,42,"RT @BBCRadio2: Today we say farewell to the brilliant @RealLynnBowles. üò¢
Her sharp wit, warm tones, and encyclopaedic knowledge of the UK's‚Ä¶"
42,@BBC,0.784,0.345,0.655,0.0,Thu Mar 29 08:00:12 +0000 2018,43,üê∂‚ù§Ô∏è Biscuit the robotic pup is helping the elderly cope with conditions like dementia. What a good boy! https://t.co/5vpg6KS031
43,@BBC,0.0,0.0,1.0,0.0,Thu Mar 29 07:27:07 +0000 2018,44,üëÄüå∏ The world famous cherry blossoms of Japan bring hundreds of thousands of visitors to see them and this year they‚Ä¶ https://t.co/kGMsyZnWzi
44,@BBC,0.0,0.0,1.0,0.0,Thu Mar 29 07:00:10 +0000 2018,45,"What do you get if you cross a polar bear and a grizzly? 

üêªüòç‚Ä¶ A pizzly! 
#DavidAttenboroughsNaturalCuriosities https://t.co/FwqiMiTd2m"
45,@BBC,0.0,0.0,1.0,0.0,Wed Mar 28 18:00:05 +0000 2018,46,üáÆüá™ This 800-year-old hotel in Ireland is simply incredible.  #AmazingHotels https://t.co/OAKKCsexPW
46,@BBC,0.296,0.109,0.891,0.0,Wed Mar 28 17:00:12 +0000 2018,47,"üìö 'Words do not live in dictionaries. They live in the mind.'

Hear the only surviving recording of #VirginiaWoolf,‚Ä¶ https://t.co/Puwg8Mve7N"
47,@BBC,-0.8225,0.0,0.688,0.312,Wed Mar 28 16:30:00 +0000 2018,48,The government rates the global outbreak of a deadly flu virus as a major threat to the UK. But how are flu vaccine‚Ä¶ https://t.co/wzMylfDBrP
48,@BBC,0.0,0.0,1.0,0.0,Wed Mar 28 16:00:10 +0000 2018,49,Slacking off in Dubai. https://t.co/a3oSKIxfSK
49,@BBC,0.7506,0.28,0.72,0.0,Wed Mar 28 15:35:27 +0000 2018,50,RT @BBCTheOneShow: The fantastic @george_ezra warming up with a quick cuppa after sound check. Join us at 7pm where he‚Äôll be performing liv‚Ä¶
50,@BBC,0.0,0.0,1.0,0.0,Wed Mar 28 13:32:04 +0000 2018,51,"Two-thirds of drivers say they are ""regularly dazzled"" by oncoming headlights. üöò https://t.co/gwSgpsP6xx https://t.co/i9m9ph8QM1"
51,@BBC,-0.3182,0.0,0.887,0.113,Wed Mar 28 12:26:01 +0000 2018,52,"The Masked Plumber is back. 
And this time, he wants to show you how to unblock a sink trap. https://t.co/t1NIgRpZnO"
52,@BBC,0.0,0.0,1.0,0.0,Wed Mar 28 11:50:54 +0000 2018,53,RT @bbceurovision: We are starting a #Eurovision 2018 group chat. The tea from when @surieofficial met @saaraaalto üëâ https://t.co/c3PuiYT6S‚Ä¶
53,@BBC,0.0,0.0,1.0,0.0,Wed Mar 28 11:49:07 +0000 2018,54,"RT @BBCR1: ""Last night I did have a very, very large bra, and it was very, very sweaty.""

@JaredLeto lets @Grimmers know about what gets th‚Ä¶"
54,@BBC,0.0,0.0,1.0,0.0,Wed Mar 28 11:47:35 +0000 2018,55,"RT @BBCRadio4: Listen to the first three episodes of The Hitchhiker's Guide to the Galaxy: Hexagonal Phase now.

https://t.co/GdvQZf3ijv

#‚Ä¶"
55,@BBC,-0.34,0.0,0.902,0.098,Wed Mar 28 11:47:08 +0000 2018,56,"RT @bbcworldservice: Do you say fireman or firefighter? The woman in charge of the London Fire Brigade, Dany Cotton, says 'fireman' is sexi‚Ä¶"
56,@BBC,0.0,0.0,1.0,0.0,Wed Mar 28 11:45:32 +0000 2018,57,RT @BBCBreakfast: Take a look at this if you're wondering WHO PAYS for running the new plastic bottle and can deposit scheme: https://t.co/‚Ä¶
57,@BBC,0.0,0.0,1.0,0.0,Wed Mar 28 11:42:34 +0000 2018,58,RT @BBCNewsround: Some advice from children on what NOT to say to people with an #invisiblecondition https://t.co/mGUj3TWB2J #Dynamo https:‚Ä¶
58,@BBC,0.3182,0.108,0.837,0.056,Wed Mar 28 11:30:09 +0000 2018,59,‚ôªÔ∏èüëõ People in England will soon have to pay a deposit when they buy drinks bottles and cans in a bid to boost recyc‚Ä¶ https://t.co/qyKBqES5b3
59,@BBC,0.0,0.0,1.0,0.0,Wed Mar 28 11:04:03 +0000 2018,60,"üò≤ Scientists in Australia have discovered the remains of a mummy in a 2,500-year-old coffin that was previously cla‚Ä¶ https://t.co/2S4q2mDImu"
60,@BBC,-0.6249,0.124,0.581,0.295,Thu Mar 29 11:00:21 +0000 2018,61,"This bizarrely cute creature is just the latest species to suffer a social media selfie ban. 
üëâ‚Ä¶ https://t.co/bG9qcXtouW"
61,@BBC,0.6908,0.231,0.769,0.0,Thu Mar 29 10:18:02 +0000 2018,62,"RT @BBCRadio2: Today we say farewell to the brilliant @RealLynnBowles. üò¢
Her sharp wit, warm tones, and encyclopaedic knowledge of the UK's‚Ä¶"
62,@BBC,0.784,0.345,0.655,0.0,Thu Mar 29 08:00:12 +0000 2018,63,üê∂‚ù§Ô∏è Biscuit the robotic pup is helping the elderly cope with conditions like dementia. What a good boy! https://t.co/5vpg6KS031
63,@BBC,0.0,0.0,1.0,0.0,Thu Mar 29 07:27:07 +0000 2018,64,üëÄüå∏ The world famous cherry blossoms of Japan bring hundreds of thousands of visitors to see them and this year they‚Ä¶ https://t.co/kGMsyZnWzi
64,@BBC,0.0,0.0,1.0,0.0,Thu Mar 29 07:00:10 +0000 2018,65,"What do you get if you cross a polar bear and a grizzly? 

üêªüòç‚Ä¶ A pizzly! 
#DavidAttenboroughsNaturalCuriosities https://t.co/FwqiMiTd2m"
65,@BBC,0.0,0.0,1.0,0.0,Wed Mar 28 18:00:05 +0000 2018,66,üáÆüá™ This 800-year-old hotel in Ireland is simply incredible.  #AmazingHotels https://t.co/OAKKCsexPW
66,@BBC,0.296,0.109,0.891,0.0,Wed Mar 28 17:00:12 +0000 2018,67,"üìö 'Words do not live in dictionaries. They live in the mind.'

Hear the only surviving recording of #VirginiaWoolf,‚Ä¶ https://t.co/Puwg8Mve7N"
67,@BBC,-0.8225,0.0,0.688,0.312,Wed Mar 28 16:30:00 +0000 2018,68,The government rates the global outbreak of a deadly flu virus as a major threat to the UK. But how are flu vaccine‚Ä¶ https://t.co/wzMylfDBrP
68,@BBC,0.0,0.0,1.0,0.0,Wed Mar 28 16:00:10 +0000 2018,69,Slacking off in Dubai. https://t.co/a3oSKIxfSK
69,@BBC,0.7506,0.28,0.72,0.0,Wed Mar 28 15:35:27 +0000 2018,70,RT @BBCTheOneShow: The fantastic @george_ezra warming up with a quick cuppa after sound check. Join us at 7pm where he‚Äôll be performing liv‚Ä¶
70,@BBC,0.0,0.0,1.0,0.0,Wed Mar 28 13:32:04 +0000 2018,71,"Two-thirds of drivers say they are ""regularly dazzled"" by oncoming headlights. üöò https://t.co/gwSgpsP6xx https://t.co/i9m9ph8QM1"
71,@BBC,-0.3182,0.0,0.887,0.113,Wed Mar 28 12:26:01 +0000 2018,72,"The Masked Plumber is back. 
And this time, he wants to show you how to unblock a sink trap. https://t.co/t1NIgRpZnO"
72,@BBC,0.0,0.0,1.0,0.0,Wed Mar 28 11:50:54 +0000 2018,73,RT @bbceurovision: We are starting a #Eurovision 2018 group chat. The tea from when @surieofficial met @saaraaalto üëâ https://t.co/c3PuiYT6S‚Ä¶
73,@BBC,0.0,0.0,1.0,0.0,Wed Mar 28 11:49:07 +0000 2018,74,"RT @BBCR1: ""Last night I did have a very, very large bra, and it was very, very sweaty.""

@JaredLeto lets @Grimmers know about what gets th‚Ä¶"
74,@BBC,0.0,0.0,1.0,0.0,Wed Mar 28 11:47:35 +0000 2018,75,"RT @BBCRadio4: Listen to the first three episodes of The Hitchhiker's Guide to the Galaxy: Hexagonal Phase now.

https://t.co/GdvQZf3ijv

#‚Ä¶"
75,@BBC,-0.34,0.0,0.902,0.098,Wed Mar 28 11:47:08 +0000 2018,76,"RT @bbcworldservice: Do you say fireman or firefighter? The woman in charge of the London Fire Brigade, Dany Cotton, says 'fireman' is sexi‚Ä¶"
76,@BBC,0.0,0.0,1.0,0.0,Wed Mar 28 11:45:32 +0000 2018,77,RT @BBCBreakfast: Take a look at this if you're wondering WHO PAYS for running the new plastic bottle and can deposit scheme: https://t.co/‚Ä¶
77,@BBC,0.0,0.0,1.0,0.0,Wed Mar 28 11:42:34 +0000 2018,78,RT @BBCNewsround: Some advice from children on what NOT to say to people with an #invisiblecondition https://t.co/mGUj3TWB2J #Dynamo https:‚Ä¶
78,@BBC,0.3182,0.108,0.837,0.056,Wed Mar 28 11:30:09 +0000 2018,79,‚ôªÔ∏èüëõ People in England will soon have to pay a deposit when they buy drinks bottles and cans in a bid to boost recyc‚Ä¶ https://t.co/qyKBqES5b3
79,@BBC,0.0,0.0,1.0,0.0,Wed Mar 28 11:04:03 +0000 2018,80,"üò≤ Scientists in Australia have discovered the remains of a mummy in a 2,500-year-old coffin that was previously cla‚Ä¶ https://t.co/2S4q2mDImu"
80,@BBC,-0.6249,0.124,0.581,0.295,Thu Mar 29 11:00:21 +0000 2018,81,"This bizarrely cute creature is just the latest species to suffer a social media selfie ban. 
üëâ‚Ä¶ https://t.co/bG9qcXtouW"
81,@BBC,0.6908,0.231,0.769,0.0,Thu Mar 29 10:18:02 +0000 2018,82,"RT @BBCRadio2: Today we say farewell to the brilliant @RealLynnBowles. üò¢
Her sharp wit, warm tones, and encyclopaedic knowledge of the UK's‚Ä¶"
82,@BBC,0.784,0.345,0.655,0.0,Thu Mar 29 08:00:12 +0000 2018,83,üê∂‚ù§Ô∏è Biscuit the robotic pup is helping the elderly cope with conditions like dementia. What a good boy! https://t.co/5vpg6KS031
83,@BBC,0.0,0.0,1.0,0.0,Thu Mar 29 07:27:07 +0000 2018,84,üëÄüå∏ The world famous cherry blossoms of Japan bring hundreds of thousands of visitors to see them and this year they‚Ä¶ https://t.co/kGMsyZnWzi
84,@BBC,0.0,0.0,1.0,0.0,Thu Mar 29 07:00:10 +0000 2018,85,"What do you get if you cross a polar bear and a grizzly? 

üêªüòç‚Ä¶ A pizzly! 
#DavidAttenboroughsNaturalCuriosities https://t.co/FwqiMiTd2m"
85,@BBC,0.0,0.0,1.0,0.0,Wed Mar 28 18:00:05 +0000 2018,86,üáÆüá™ This 800-year-old hotel in Ireland is simply incredible.  #AmazingHotels https://t.co/OAKKCsexPW
86,@BBC,0.296,0.109,0.891,0.0,Wed Mar 28 17:00:12 +0000 2018,87,"üìö 'Words do not live in dictionaries. They live in the mind.'

Hear the only surviving recording of #VirginiaWoolf,‚Ä¶ https://t.co/Puwg8Mve7N"
87,@BBC,-0.8225,0.0,0.688,0.312,Wed Mar 28 16:30:00 +0000 2018,88,The government rates the global outbreak of a deadly flu virus as a major threat to the UK. But how are flu vaccine‚Ä¶ https://t.co/wzMylfDBrP
88,@BBC,0.0,0.0,1.0,0.0,Wed Mar 28 16:00:10 +0000 2018,89,Slacking off in Dubai. https://t.co/a3oSKIxfSK
89,@BBC,0.7506,0.28,0.72,0.0,Wed Mar 28 15:35:27 +0000 2018,90,RT @BBCTheOneShow: The fantastic @george_ezra warming up with a quick cuppa after sound check. Join us at 7pm where he‚Äôll be performing liv‚Ä¶
90,@BBC,0.0,0.0,1.0,0.0,Wed Mar 28 13:32:04 +0000 2018,91,"Two-thirds of drivers say they are ""regularly dazzled"" by oncoming headlights. üöò https://t.co/gwSgpsP6xx https://t.co/i9m9ph8QM1"
91,@BBC,-0.3182,0.0,0.887,0.113,Wed Mar 28 12:26:01 +0000 2018,92,"The Masked Plumber is back. 
And this time, he wants to show you how to unblock a sink trap. https://t.co/t1NIgRpZnO"
92,@BBC,0.0,0.0,1.0,0.0,Wed Mar 28 11:50:54 +0000 2018,93,RT @bbceurovision: We are starting a #Eurovision 2018 group chat. The tea from when @surieofficial met @saaraaalto üëâ https://t.co/c3PuiYT6S‚Ä¶
93,@BBC,0.0,0.0,1.0,0.0,Wed Mar 28 11:49:07 +0000 2018,94,"RT @BBCR1: ""Last night I did have a very, very large bra, and it was very, very sweaty.""

@JaredLeto lets @Grimmers know about what gets th‚Ä¶"
94,@BBC,0.0,0.0,1.0,0.0,Wed Mar 28 11:47:35 +0000 2018,95,"RT @BBCRadio4: Listen to the first three episodes of The Hitchhiker's Guide to the Galaxy: Hexagonal Phase now.

https://t.co/GdvQZf3ijv

#‚Ä¶"
95,@BBC,-0.34,0.0,0.902,0.098,Wed Mar 28 11:47:08 +0000 2018,96,"RT @bbcworldservice: Do you say fireman or firefighter? The woman in charge of the London Fire Brigade, Dany Cotton, says 'fireman' is sexi‚Ä¶"
96,@BBC,0.0,0.0,1.0,0.0,Wed Mar 28 11:45:32 +0000 2018,97,RT @BBCBreakfast: Take a look at this if you're wondering WHO PAYS for running the new plastic bottle and can deposit scheme: https://t.co/‚Ä¶
97,@BBC,0.0,0.0,1.0,0.0,Wed Mar 28 11:42:34 +0000 2018,98,RT @BBCNewsround: Some advice from children on what NOT to say to people with an #invisiblecondition https://t.co/mGUj3TWB2J #Dynamo https:‚Ä¶
98,@BBC,0.3182,0.108,0.837,0.056,Wed Mar 28 11:30:09 +0000 2018,99,‚ôªÔ∏èüëõ People in England will soon have to pay a deposit when they buy drinks bottles and cans in a bid to boost recyc‚Ä¶ https://t.co/qyKBqES5b3
99,@BBC,0.0,0.0,1.0,0.0,Wed Mar 28 11:04:03 +0000 2018,100,"üò≤ Scientists in Australia have discovered the remains of a mummy in a 2,500-year-old coffin that was previously cla‚Ä¶ https://t.co/2S4q2mDImu"
0,@CBS,0.3818,0.212,0.68,0.108,Tue Mar 27 21:00:01 +0000 2018,1,Count on Entertainer Of The Year nominee @LukeBryanOnline to crash the party with an epic performance at the 53rd‚Ä¶ https://t.co/27ua60HTqu
1,@CBS,0.296,0.099,0.901,0.0,Tue Mar 27 17:00:00 +0000 2018,2,Join @eltonofficial and some of today's hottest names in music when they take the stage to perform his most memorab‚Ä¶ https://t.co/jz0jaShZIj
2,@CBS,0.508,0.12,0.88,0.0,Mon Mar 26 22:14:25 +0000 2018,3,"RT @ACMawards: The ACM for New Vocal Group of the Year goes to @MidlandOfficial! And yes, that really was @Reba on the phone! #ACMawards ht‚Ä¶"
3,@CBS,0.0,0.0,1.0,0.0,Mon Mar 26 20:42:48 +0000 2018,4,"RT @ACMawards: In case you didn‚Äôt know, the ACM for New Male Vocalist of the Year goes to @BrettYoungMusic. Check out his reaction when @Re‚Ä¶"
4,@CBS,0.7959,0.214,0.786,0.0,Mon Mar 26 16:59:19 +0000 2018,5,RT @ACMawards: Over the weekend @Reba called the ACM New Artist of the Year winners to let them know they had won! Let‚Äôs just say our New F‚Ä¶
5,@CBS,0.807,0.378,0.622,0.0,Mon Mar 26 16:05:18 +0000 2018,6,"Congratulations to the 53rd #ACMawards New Artist winners @Lauren_Alaina, @MidlandOfficial, and @BrettYoungMusic! W‚Ä¶ https://t.co/Fr8H4arwGj"
6,@CBS,0.0,0.0,1.0,0.0,Sun Mar 25 23:57:34 +0000 2018,7,New start times in East/Central Time Zones #60Minutes 7:35ET/6:35CT #Instinct  8:35ET/7:35CT #NCISLA 9:35ET/8:35CT‚Ä¶ https://t.co/8W5hAeLrvs
7,@CBS,0.5319,0.157,0.78,0.062,Sun Mar 25 17:15:25 +0000 2018,8,Don‚Äôt miss a minute of the action. Stream the¬†Elite Eight¬Æ¬†games LIVE today starting at 2PM ET with a FREE trial of‚Ä¶ https://t.co/8NwU8HdiHR
8,@CBS,0.5399,0.199,0.801,0.0,Sat Mar 24 22:46:53 +0000 2018,9,RT @MomCBS: That's a wrap on the #Mom panel at #PaleyFest! Thanks for following along! https://t.co/we4JgqPt6P
9,@CBS,-0.34,0.115,0.7,0.185,Sat Mar 24 22:46:43 +0000 2018,10,RT @MomCBS: A fan just commented that #Mom helped bring him out of a deep depression. üíúüíúüíú #PaleyFest
10,@CBS,0.7003,0.209,0.791,0.0,Sat Mar 24 22:25:03 +0000 2018,11,"RT @MomCBS: ""Go out for it anyway. If you're good for the role, you're good for the role."" @theJaimePressly's advice for aspiring actors wi‚Ä¶"
11,@CBS,0.0,0.0,1.0,0.0,Sat Mar 24 22:21:37 +0000 2018,12,RT @MomCBS: Mom Co-Creator @GemmaRBaker just pointed out her own #Mom in the audience at #PaleyFest! üíú
12,@CBS,0.0,0.0,1.0,0.0,Sat Mar 24 22:21:34 +0000 2018,13,"RT @MomCBS: ""I'm not someone in recovery who goes to AA, but I have taken so much away from it...to take one day at a time."" - @theJaimePre‚Ä¶"
13,@CBS,0.7184,0.333,0.667,0.0,Sat Mar 24 22:21:26 +0000 2018,14,"RT @MomCBS: ""You get to appreciate working with such talented people."" - @AnnaKFaris #Mom #PaleyFest"
14,@CBS,0.9451,0.42,0.58,0.0,Sat Mar 24 22:21:23 +0000 2018,15,RT @MomCBS: ‚ÄúI love this job. I love working with these women. I love working in front of the live audience‚Ä¶ It‚Äôs alive and it‚Äôs fun.‚Äù - @A‚Ä¶
15,@CBS,0.0,0.0,1.0,0.0,Sat Mar 24 20:00:02 +0000 2018,16,"Get on your feet for @Jason_Aldean, @ThomasRhett, @ChrisStapleton, @KeithUrban, and @ChrisYoungMusic, the five nomi‚Ä¶ https://t.co/oT5ogjdj4x"
16,@CBS,0.6996,0.194,0.806,0.0,Fri Mar 23 22:33:52 +0000 2018,17,Get ready for some sweet games! Stream #5 Clemson vs #1 Kansas LIVE at 7PM ET and #11 Syracuse vs #2 Duke LIVE at 9‚Ä¶ https://t.co/4WstgrKNnW
17,@CBS,0.4939,0.314,0.686,0.0,Fri Mar 23 22:33:04 +0000 2018,18,RT @SEALTeamCBS: In honor of #NationalPuppyDay... üòç #SEALTeam https://t.co/4mIZPpiRlU
18,@CBS,0.8997,0.355,0.645,0.0,Fri Mar 23 22:32:48 +0000 2018,19,"RT @HawaiiFive0CBS: Nothing like a man and his dog! üòçüê∂ Happy #NationalPuppyDay to Eddie, the best pup on the Five-0 Task Force! #H50 https:‚Ä¶"
19,@CBS,0.0,0.0,1.0,0.0,Thu Mar 22 22:10:29 +0000 2018,20,Game on! 16 teams left and the race to the finish continues tonight. Stream #11 Loyola-Chicago vs #7 Nevada LIVE at‚Ä¶ https://t.co/W374rmzzoC
20,@CBS,0.3818,0.212,0.68,0.108,Tue Mar 27 21:00:01 +0000 2018,21,Count on Entertainer Of The Year nominee @LukeBryanOnline to crash the party with an epic performance at the 53rd‚Ä¶ https://t.co/27ua60HTqu
21,@CBS,0.296,0.099,0.901,0.0,Tue Mar 27 17:00:00 +0000 2018,22,Join @eltonofficial and some of today's hottest names in music when they take the stage to perform his most memorab‚Ä¶ https://t.co/jz0jaShZIj
22,@CBS,0.508,0.12,0.88,0.0,Mon Mar 26 22:14:25 +0000 2018,23,"RT @ACMawards: The ACM for New Vocal Group of the Year goes to @MidlandOfficial! And yes, that really was @Reba on the phone! #ACMawards ht‚Ä¶"
23,@CBS,0.0,0.0,1.0,0.0,Mon Mar 26 20:42:48 +0000 2018,24,"RT @ACMawards: In case you didn‚Äôt know, the ACM for New Male Vocalist of the Year goes to @BrettYoungMusic. Check out his reaction when @Re‚Ä¶"
24,@CBS,0.7959,0.214,0.786,0.0,Mon Mar 26 16:59:19 +0000 2018,25,RT @ACMawards: Over the weekend @Reba called the ACM New Artist of the Year winners to let them know they had won! Let‚Äôs just say our New F‚Ä¶
25,@CBS,0.807,0.378,0.622,0.0,Mon Mar 26 16:05:18 +0000 2018,26,"Congratulations to the 53rd #ACMawards New Artist winners @Lauren_Alaina, @MidlandOfficial, and @BrettYoungMusic! W‚Ä¶ https://t.co/Fr8H4arwGj"
26,@CBS,0.0,0.0,1.0,0.0,Sun Mar 25 23:57:34 +0000 2018,27,New start times in East/Central Time Zones #60Minutes 7:35ET/6:35CT #Instinct  8:35ET/7:35CT #NCISLA 9:35ET/8:35CT‚Ä¶ https://t.co/8W5hAeLrvs
27,@CBS,0.5319,0.157,0.78,0.062,Sun Mar 25 17:15:25 +0000 2018,28,Don‚Äôt miss a minute of the action. Stream the¬†Elite Eight¬Æ¬†games LIVE today starting at 2PM ET with a FREE trial of‚Ä¶ https://t.co/8NwU8HdiHR
28,@CBS,0.5399,0.199,0.801,0.0,Sat Mar 24 22:46:53 +0000 2018,29,RT @MomCBS: That's a wrap on the #Mom panel at #PaleyFest! Thanks for following along! https://t.co/we4JgqPt6P
29,@CBS,-0.34,0.115,0.7,0.185,Sat Mar 24 22:46:43 +0000 2018,30,RT @MomCBS: A fan just commented that #Mom helped bring him out of a deep depression. üíúüíúüíú #PaleyFest
30,@CBS,0.7003,0.209,0.791,0.0,Sat Mar 24 22:25:03 +0000 2018,31,"RT @MomCBS: ""Go out for it anyway. If you're good for the role, you're good for the role."" @theJaimePressly's advice for aspiring actors wi‚Ä¶"
31,@CBS,0.0,0.0,1.0,0.0,Sat Mar 24 22:21:37 +0000 2018,32,RT @MomCBS: Mom Co-Creator @GemmaRBaker just pointed out her own #Mom in the audience at #PaleyFest! üíú
32,@CBS,0.0,0.0,1.0,0.0,Sat Mar 24 22:21:34 +0000 2018,33,"RT @MomCBS: ""I'm not someone in recovery who goes to AA, but I have taken so much away from it...to take one day at a time."" - @theJaimePre‚Ä¶"
33,@CBS,0.7184,0.333,0.667,0.0,Sat Mar 24 22:21:26 +0000 2018,34,"RT @MomCBS: ""You get to appreciate working with such talented people."" - @AnnaKFaris #Mom #PaleyFest"
34,@CBS,0.9451,0.42,0.58,0.0,Sat Mar 24 22:21:23 +0000 2018,35,RT @MomCBS: ‚ÄúI love this job. I love working with these women. I love working in front of the live audience‚Ä¶ It‚Äôs alive and it‚Äôs fun.‚Äù - @A‚Ä¶
35,@CBS,0.0,0.0,1.0,0.0,Sat Mar 24 20:00:02 +0000 2018,36,"Get on your feet for @Jason_Aldean, @ThomasRhett, @ChrisStapleton, @KeithUrban, and @ChrisYoungMusic, the five nomi‚Ä¶ https://t.co/oT5ogjdj4x"
36,@CBS,0.6996,0.194,0.806,0.0,Fri Mar 23 22:33:52 +0000 2018,37,Get ready for some sweet games! Stream #5 Clemson vs #1 Kansas LIVE at 7PM ET and #11 Syracuse vs #2 Duke LIVE at 9‚Ä¶ https://t.co/4WstgrKNnW
37,@CBS,0.4939,0.314,0.686,0.0,Fri Mar 23 22:33:04 +0000 2018,38,RT @SEALTeamCBS: In honor of #NationalPuppyDay... üòç #SEALTeam https://t.co/4mIZPpiRlU
38,@CBS,0.8997,0.355,0.645,0.0,Fri Mar 23 22:32:48 +0000 2018,39,"RT @HawaiiFive0CBS: Nothing like a man and his dog! üòçüê∂ Happy #NationalPuppyDay to Eddie, the best pup on the Five-0 Task Force! #H50 https:‚Ä¶"
39,@CBS,0.0,0.0,1.0,0.0,Thu Mar 22 22:10:29 +0000 2018,40,Game on! 16 teams left and the race to the finish continues tonight. Stream #11 Loyola-Chicago vs #7 Nevada LIVE at‚Ä¶ https://t.co/W374rmzzoC
40,@CBS,0.3818,0.212,0.68,0.108,Tue Mar 27 21:00:01 +0000 2018,41,Count on Entertainer Of The Year nominee @LukeBryanOnline to crash the party with an epic performance at the 53rd‚Ä¶ https://t.co/27ua60HTqu
41,@CBS,0.296,0.099,0.901,0.0,Tue Mar 27 17:00:00 +0000 2018,42,Join @eltonofficial and some of today's hottest names in music when they take the stage to perform his most memorab‚Ä¶ https://t.co/jz0jaShZIj
42,@CBS,0.508,0.12,0.88,0.0,Mon Mar 26 22:14:25 +0000 2018,43,"RT @ACMawards: The ACM for New Vocal Group of the Year goes to @MidlandOfficial! And yes, that really was @Reba on the phone! #ACMawards ht‚Ä¶"
43,@CBS,0.0,0.0,1.0,0.0,Mon Mar 26 20:42:48 +0000 2018,44,"RT @ACMawards: In case you didn‚Äôt know, the ACM for New Male Vocalist of the Year goes to @BrettYoungMusic. Check out his reaction when @Re‚Ä¶"
44,@CBS,0.7959,0.214,0.786,0.0,Mon Mar 26 16:59:19 +0000 2018,45,RT @ACMawards: Over the weekend @Reba called the ACM New Artist of the Year winners to let them know they had won! Let‚Äôs just say our New F‚Ä¶
45,@CBS,0.807,0.378,0.622,0.0,Mon Mar 26 16:05:18 +0000 2018,46,"Congratulations to the 53rd #ACMawards New Artist winners @Lauren_Alaina, @MidlandOfficial, and @BrettYoungMusic! W‚Ä¶ https://t.co/Fr8H4arwGj"
46,@CBS,0.0,0.0,1.0,0.0,Sun Mar 25 23:57:34 +0000 2018,47,New start times in East/Central Time Zones #60Minutes 7:35ET/6:35CT #Instinct  8:35ET/7:35CT #NCISLA 9:35ET/8:35CT‚Ä¶ https://t.co/8W5hAeLrvs
47,@CBS,0.5319,0.157,0.78,0.062,Sun Mar 25 17:15:25 +0000 2018,48,Don‚Äôt miss a minute of the action. Stream the¬†Elite Eight¬Æ¬†games LIVE today starting at 2PM ET with a FREE trial of‚Ä¶ https://t.co/8NwU8HdiHR
48,@CBS,0.5399,0.199,0.801,0.0,Sat Mar 24 22:46:53 +0000 2018,49,RT @MomCBS: That's a wrap on the #Mom panel at #PaleyFest! Thanks for following along! https://t.co/we4JgqPt6P
49,@CBS,-0.34,0.115,0.7,0.185,Sat Mar 24 22:46:43 +0000 2018,50,RT @MomCBS: A fan just commented that #Mom helped bring him out of a deep depression. üíúüíúüíú #PaleyFest
50,@CBS,0.7003,0.209,0.791,0.0,Sat Mar 24 22:25:03 +0000 2018,51,"RT @MomCBS: ""Go out for it anyway. If you're good for the role, you're good for the role."" @theJaimePressly's advice for aspiring actors wi‚Ä¶"
51,@CBS,0.0,0.0,1.0,0.0,Sat Mar 24 22:21:37 +0000 2018,52,RT @MomCBS: Mom Co-Creator @GemmaRBaker just pointed out her own #Mom in the audience at #PaleyFest! üíú
52,@CBS,0.0,0.0,1.0,0.0,Sat Mar 24 22:21:34 +0000 2018,53,"RT @MomCBS: ""I'm not someone in recovery who goes to AA, but I have taken so much away from it...to take one day at a time."" - @theJaimePre‚Ä¶"
53,@CBS,0.7184,0.333,0.667,0.0,Sat Mar 24 22:21:26 +0000 2018,54,"RT @MomCBS: ""You get to appreciate working with such talented people."" - @AnnaKFaris #Mom #PaleyFest"
54,@CBS,0.9451,0.42,0.58,0.0,Sat Mar 24 22:21:23 +0000 2018,55,RT @MomCBS: ‚ÄúI love this job. I love working with these women. I love working in front of the live audience‚Ä¶ It‚Äôs alive and it‚Äôs fun.‚Äù - @A‚Ä¶
55,@CBS,0.0,0.0,1.0,0.0,Sat Mar 24 20:00:02 +0000 2018,56,"Get on your feet for @Jason_Aldean, @ThomasRhett, @ChrisStapleton, @KeithUrban, and @ChrisYoungMusic, the five nomi‚Ä¶ https://t.co/oT5ogjdj4x"
56,@CBS,0.6996,0.194,0.806,0.0,Fri Mar 23 22:33:52 +0000 2018,57,Get ready for some sweet games! Stream #5 Clemson vs #1 Kansas LIVE at 7PM ET and #11 Syracuse vs #2 Duke LIVE at 9‚Ä¶ https://t.co/4WstgrKNnW
57,@CBS,0.4939,0.314,0.686,0.0,Fri Mar 23 22:33:04 +0000 2018,58,RT @SEALTeamCBS: In honor of #NationalPuppyDay... üòç #SEALTeam https://t.co/4mIZPpiRlU
58,@CBS,0.8997,0.355,0.645,0.0,Fri Mar 23 22:32:48 +0000 2018,59,"RT @HawaiiFive0CBS: Nothing like a man and his dog! üòçüê∂ Happy #NationalPuppyDay to Eddie, the best pup on the Five-0 Task Force! #H50 https:‚Ä¶"
59,@CBS,0.0,0.0,1.0,0.0,Thu Mar 22 22:10:29 +0000 2018,60,Game on! 16 teams left and the race to the finish continues tonight. Stream #11 Loyola-Chicago vs #7 Nevada LIVE at‚Ä¶ https://t.co/W374rmzzoC
60,@CBS,0.3818,0.212,0.68,0.108,Tue Mar 27 21:00:01 +0000 2018,61,Count on Entertainer Of The Year nominee @LukeBryanOnline to crash the party with an epic performance at the 53rd‚Ä¶ https://t.co/27ua60HTqu
61,@CBS,0.296,0.099,0.901,0.0,Tue Mar 27 17:00:00 +0000 2018,62,Join @eltonofficial and some of today's hottest names in music when they take the stage to perform his most memorab‚Ä¶ https://t.co/jz0jaShZIj
62,@CBS,0.508,0.12,0.88,0.0,Mon Mar 26 22:14:25 +0000 2018,63,"RT @ACMawards: The ACM for New Vocal Group of the Year goes to @MidlandOfficial! And yes, that really was @Reba on the phone! #ACMawards ht‚Ä¶"
63,@CBS,0.0,0.0,1.0,0.0,Mon Mar 26 20:42:48 +0000 2018,64,"RT @ACMawards: In case you didn‚Äôt know, the ACM for New Male Vocalist of the Year goes to @BrettYoungMusic. Check out his reaction when @Re‚Ä¶"
64,@CBS,0.7959,0.214,0.786,0.0,Mon Mar 26 16:59:19 +0000 2018,65,RT @ACMawards: Over the weekend @Reba called the ACM New Artist of the Year winners to let them know they had won! Let‚Äôs just say our New F‚Ä¶
65,@CBS,0.807,0.378,0.622,0.0,Mon Mar 26 16:05:18 +0000 2018,66,"Congratulations to the 53rd #ACMawards New Artist winners @Lauren_Alaina, @MidlandOfficial, and @BrettYoungMusic! W‚Ä¶ https://t.co/Fr8H4arwGj"
66,@CBS,0.0,0.0,1.0,0.0,Sun Mar 25 23:57:34 +0000 2018,67,New start times in East/Central Time Zones #60Minutes 7:35ET/6:35CT #Instinct  8:35ET/7:35CT #NCISLA 9:35ET/8:35CT‚Ä¶ https://t.co/8W5hAeLrvs
67,@CBS,0.5319,0.157,0.78,0.062,Sun Mar 25 17:15:25 +0000 2018,68,Don‚Äôt miss a minute of the action. Stream the¬†Elite Eight¬Æ¬†games LIVE today starting at 2PM ET with a FREE trial of‚Ä¶ https://t.co/8NwU8HdiHR
68,@CBS,0.5399,0.199,0.801,0.0,Sat Mar 24 22:46:53 +0000 2018,69,RT @MomCBS: That's a wrap on the #Mom panel at #PaleyFest! Thanks for following along! https://t.co/we4JgqPt6P
69,@CBS,-0.34,0.115,0.7,0.185,Sat Mar 24 22:46:43 +0000 2018,70,RT @MomCBS: A fan just commented that #Mom helped bring him out of a deep depression. üíúüíúüíú #PaleyFest
70,@CBS,0.7003,0.209,0.791,0.0,Sat Mar 24 22:25:03 +0000 2018,71,"RT @MomCBS: ""Go out for it anyway. If you're good for the role, you're good for the role."" @theJaimePressly's advice for aspiring actors wi‚Ä¶"
71,@CBS,0.0,0.0,1.0,0.0,Sat Mar 24 22:21:37 +0000 2018,72,RT @MomCBS: Mom Co-Creator @GemmaRBaker just pointed out her own #Mom in the audience at #PaleyFest! üíú
72,@CBS,0.0,0.0,1.0,0.0,Sat Mar 24 22:21:34 +0000 2018,73,"RT @MomCBS: ""I'm not someone in recovery who goes to AA, but I have taken so much away from it...to take one day at a time."" - @theJaimePre‚Ä¶"
73,@CBS,0.7184,0.333,0.667,0.0,Sat Mar 24 22:21:26 +0000 2018,74,"RT @MomCBS: ""You get to appreciate working with such talented people."" - @AnnaKFaris #Mom #PaleyFest"
74,@CBS,0.9451,0.42,0.58,0.0,Sat Mar 24 22:21:23 +0000 2018,75,RT @MomCBS: ‚ÄúI love this job. I love working with these women. I love working in front of the live audience‚Ä¶ It‚Äôs alive and it‚Äôs fun.‚Äù - @A‚Ä¶
75,@CBS,0.0,0.0,1.0,0.0,Sat Mar 24 20:00:02 +0000 2018,76,"Get on your feet for @Jason_Aldean, @ThomasRhett, @ChrisStapleton, @KeithUrban, and @ChrisYoungMusic, the five nomi‚Ä¶ https://t.co/oT5ogjdj4x"
76,@CBS,0.6996,0.194,0.806,0.0,Fri Mar 23 22:33:52 +0000 2018,77,Get ready for some sweet games! Stream #5 Clemson vs #1 Kansas LIVE at 7PM ET and #11 Syracuse vs #2 Duke LIVE at 9‚Ä¶ https://t.co/4WstgrKNnW
77,@CBS,0.4939,0.314,0.686,0.0,Fri Mar 23 22:33:04 +0000 2018,78,RT @SEALTeamCBS: In honor of #NationalPuppyDay... üòç #SEALTeam https://t.co/4mIZPpiRlU
78,@CBS,0.8997,0.355,0.645,0.0,Fri Mar 23 22:32:48 +0000 2018,79,"RT @HawaiiFive0CBS: Nothing like a man and his dog! üòçüê∂ Happy #NationalPuppyDay to Eddie, the best pup on the Five-0 Task Force! #H50 https:‚Ä¶"
79,@CBS,0.0,0.0,1.0,0.0,Thu Mar 22 22:10:29 +0000 2018,80,Game on! 16 teams left and the race to the finish continues tonight. Stream #11 Loyola-Chicago vs #7 Nevada LIVE at‚Ä¶ https://t.co/W374rmzzoC
80,@CBS,0.3818,0.212,0.68,0.108,Tue Mar 27 21:00:01 +0000 2018,81,Count on Entertainer Of The Year nominee @LukeBryanOnline to crash the party with an epic performance at the 53rd‚Ä¶ https://t.co/27ua60HTqu
81,@CBS,0.296,0.099,0.901,0.0,Tue Mar 27 17:00:00 +0000 2018,82,Join @eltonofficial and some of today's hottest names in music when they take the stage to perform his most memorab‚Ä¶ https://t.co/jz0jaShZIj
82,@CBS,0.508,0.12,0.88,0.0,Mon Mar 26 22:14:25 +0000 2018,83,"RT @ACMawards: The ACM for New Vocal Group of the Year goes to @MidlandOfficial! And yes, that really was @Reba on the phone! #ACMawards ht‚Ä¶"
83,@CBS,0.0,0.0,1.0,0.0,Mon Mar 26 20:42:48 +0000 2018,84,"RT @ACMawards: In case you didn‚Äôt know, the ACM for New Male Vocalist of the Year goes to @BrettYoungMusic. Check out his reaction when @Re‚Ä¶"
84,@CBS,0.7959,0.214,0.786,0.0,Mon Mar 26 16:59:19 +0000 2018,85,RT @ACMawards: Over the weekend @Reba called the ACM New Artist of the Year winners to let them know they had won! Let‚Äôs just say our New F‚Ä¶
85,@CBS,0.807,0.378,0.622,0.0,Mon Mar 26 16:05:18 +0000 2018,86,"Congratulations to the 53rd #ACMawards New Artist winners @Lauren_Alaina, @MidlandOfficial, and @BrettYoungMusic! W‚Ä¶ https://t.co/Fr8H4arwGj"
86,@CBS,0.0,0.0,1.0,0.0,Sun Mar 25 23:57:34 +0000 2018,87,New start times in East/Central Time Zones #60Minutes 7:35ET/6:35CT #Instinct  8:35ET/7:35CT #NCISLA 9:35ET/8:35CT‚Ä¶ https://t.co/8W5hAeLrvs
87,@CBS,0.5319,0.157,0.78,0.062,Sun Mar 25 17:15:25 +0000 2018,88,Don‚Äôt miss a minute of the action. Stream the¬†Elite Eight¬Æ¬†games LIVE today starting at 2PM ET with a FREE trial of‚Ä¶ https://t.co/8NwU8HdiHR
88,@CBS,0.5399,0.199,0.801,0.0,Sat Mar 24 22:46:53 +0000 2018,89,RT @MomCBS: That's a wrap on the #Mom panel at #PaleyFest! Thanks for following along! https://t.co/we4JgqPt6P
89,@CBS,-0.34,0.115,0.7,0.185,Sat Mar 24 22:46:43 +0000 2018,90,RT @MomCBS: A fan just commented that #Mom helped bring him out of a deep depression. üíúüíúüíú #PaleyFest
90,@CBS,0.7003,0.209,0.791,0.0,Sat Mar 24 22:25:03 +0000 2018,91,"RT @MomCBS: ""Go out for it anyway. If you're good for the role, you're good for the role."" @theJaimePressly's advice for aspiring actors wi‚Ä¶"
91,@CBS,0.0,0.0,1.0,0.0,Sat Mar 24 22:21:37 +0000 2018,92,RT @MomCBS: Mom Co-Creator @GemmaRBaker just pointed out her own #Mom in the audience at #PaleyFest! üíú
92,@CBS,0.0,0.0,1.0,0.0,Sat Mar 24 22:21:34 +0000 2018,93,"RT @MomCBS: ""I'm not someone in recovery who goes to AA, but I have taken so much away from it...to take one day at a time."" - @theJaimePre‚Ä¶"
93,@CBS,0.7184,0.333,0.667,0.0,Sat Mar 24 22:21:26 +0000 2018,94,"RT @MomCBS: ""You get to appreciate working with such talented people."" - @AnnaKFaris #Mom #PaleyFest"
94,@CBS,0.9451,0.42,0.58,0.0,Sat Mar 24 22:21:23 +0000 2018,95,RT @MomCBS: ‚ÄúI love this job. I love working with these women. I love working in front of the live audience‚Ä¶ It‚Äôs alive and it‚Äôs fun.‚Äù - @A‚Ä¶
95,@CBS,0.0,0.0,1.0,0.0,Sat Mar 24 20:00:02 +0000 2018,96,"Get on your feet for @Jason_Aldean, @ThomasRhett, @ChrisStapleton, @KeithUrban, and @ChrisYoungMusic, the five nomi‚Ä¶ https://t.co/oT5ogjdj4x"
96,@CBS,0.6996,0.194,0.806,0.0,Fri Mar 23 22:33:52 +0000 2018,97,Get ready for some sweet games! Stream #5 Clemson vs #1 Kansas LIVE at 7PM ET and #11 Syracuse vs #2 Duke LIVE at 9‚Ä¶ https://t.co/4WstgrKNnW
97,@CBS,0.4939,0.314,0.686,0.0,Fri Mar 23 22:33:04 +0000 2018,98,RT @SEALTeamCBS: In honor of #NationalPuppyDay... üòç #SEALTeam https://t.co/4mIZPpiRlU
98,@CBS,0.8997,0.355,0.645,0.0,Fri Mar 23 22:32:48 +0000 2018,99,"RT @HawaiiFive0CBS: Nothing like a man and his dog! üòçüê∂ Happy #NationalPuppyDay to Eddie, the best pup on the Five-0 Task Force! #H50 https:‚Ä¶"
99,@CBS,0.0,0.0,1.0,0.0,Thu Mar 22 22:10:29 +0000 2018,100,Game on! 16 teams left and the race to the finish continues tonight. Stream #11 Loyola-Chicago vs #7 Nevada LIVE at‚Ä¶ https://t.co/W374rmzzoC
0,@CNN,0.2023,0.152,0.735,0.113,Thu Mar 29 11:39:38 +0000 2018,1,"Students, parents and friends of the Parkland shooting victims sorted through dozens of hand-written letters, poems‚Ä¶ https://t.co/c291LnnlB1"
1,@CNN,-0.8126,0.0,0.669,0.331,Thu Mar 29 11:27:38 +0000 2018,2,A South African woman who hurled racist slurs at a black police officer has been sentenced to three years in prison  https://t.co/GKJhU0aCcI
2,@CNN,0.0,0.0,1.0,0.0,Thu Mar 29 11:03:17 +0000 2018,3,This is literally the quietest place on Earth https://t.co/8g7T0e9sSg https://t.co/MIrkgW2g6Y
3,@CNN,-0.3052,0.0,0.87,0.13,Thu Mar 29 10:54:00 +0000 2018,4,"Why Americans are so obsessed with the British royal family (besides the accents, obviously) https://t.co/apKejmFXSP https://t.co/S2SpEYT6fh"
4,@CNN,0.25,0.105,0.895,0.0,Thu Mar 29 10:52:07 +0000 2018,5,"The Democratic advantage on the generic congressional ballot has tightened to 6 percentage points, a new CNN poll c‚Ä¶ https://t.co/mVmgSpFqpf"
5,@CNN,0.0,0.0,1.0,0.0,Thu Mar 29 10:46:01 +0000 2018,6,"SIDS -- long regarded as an unexplained phenomenon -- may have a genetic basis in some cases, a new study suggests‚Ä¶ https://t.co/BYWperinTu"
6,@CNN,0.3384,0.112,0.888,0.0,Thu Mar 29 10:34:52 +0000 2018,7,This $200 billion solar power project in Saudi Arabia would generate far more energy than any existing solar project https://t.co/SIUG3TYcBE
7,@CNN,-0.4767,0.0,0.866,0.134,Thu Mar 29 10:23:42 +0000 2018,8,"There are visible, external signs that can indicate if something is wrong with your heart -- check your fingers, ea‚Ä¶ https://t.co/JYQe40u1hp"
8,@CNN,0.0,0.0,1.0,0.0,Thu Mar 29 10:12:31 +0000 2018,9,Here's how to get the most for your money out of a plane ticket https://t.co/Q8FTiE47Xs https://t.co/6l2ypwiDTV
9,@CNN,-0.7461,0.0,0.654,0.346,Thu Mar 29 10:01:06 +0000 2018,10,There's not a 'snowflake's chance in hell' of repealing the Second Amendment | @CNNPolitics Analysis‚Ä¶ https://t.co/jUoo3b3R2E
10,@CNN,0.3612,0.122,0.878,0.0,Thu Mar 29 09:50:17 +0000 2018,11,This is what life is like for would-be immigrants to the US from Mexico and Central America https://t.co/jfvm5dYRZc https://t.co/WuacEV8DrL
11,@CNN,-0.296,0.0,0.896,0.104,Thu Mar 29 09:42:02 +0000 2018,12,"The White House refused to answer if Trump was aware of a $130,000 payment made to porn star Stormy Daniels‚Ä¶ https://t.co/hg3G7BrEBz"
12,@CNN,0.5994,0.281,0.719,0.0,Thu Mar 29 09:30:52 +0000 2018,13,There's more to do in the Caribbean than beautiful beaches https://t.co/Lgj893cMP5
13,@CNN,0.0,0.0,1.0,0.0,Thu Mar 29 09:20:10 +0000 2018,14,This teen inventor is developing 20-foot air filters to rid cities of pollution https://t.co/8C6Icp7NjP
14,@CNN,0.0772,0.115,0.783,0.101,Thu Mar 29 09:09:33 +0000 2018,15,"Learn from the Holocaust and stop the massacre in Syria, say Holocaust survivor @EvaMozesKor and human rights activ‚Ä¶ https://t.co/7tZ4OLCfQj"
15,@CNN,0.0,0.0,1.0,0.0,Thu Mar 29 08:58:39 +0000 2018,16,Plastic bottles make up a third of the litter in our oceans https://t.co/bRAerh1o2w
16,@CNN,0.0,0.0,1.0,0.0,Thu Mar 29 08:48:13 +0000 2018,17,"Ireland, which has some of the strictest abortion laws in the developed world, will vote on whether abortion should‚Ä¶ https://t.co/JXJ3vTlW2U"
17,@CNN,0.0,0.0,1.0,0.0,Thu Mar 29 08:37:38 +0000 2018,18,"A lanyard around her neck held an ID card from the International Organization for Migration.

""I am a refugee from‚Ä¶ https://t.co/dNY589EbX0"
18,@CNN,0.0,0.0,1.0,0.0,Thu Mar 29 08:24:44 +0000 2018,19,"The far right's ""noxious populism"" has seeped into the highest halls of power in Germany | @CNNOpinion https://t.co/w6OYMyIAsk"
19,@CNN,0.0,0.0,1.0,0.0,Thu Mar 29 08:14:30 +0000 2018,20,The first case of super-resistant gonorrhea has been reported in the UK https://t.co/i2Xjjj1QmY https://t.co/z00NIFgHiO
20,@CNN,0.2023,0.152,0.735,0.113,Thu Mar 29 11:39:38 +0000 2018,21,"Students, parents and friends of the Parkland shooting victims sorted through dozens of hand-written letters, poems‚Ä¶ https://t.co/c291LnnlB1"
21,@CNN,-0.8126,0.0,0.669,0.331,Thu Mar 29 11:27:38 +0000 2018,22,A South African woman who hurled racist slurs at a black police officer has been sentenced to three years in prison  https://t.co/GKJhU0aCcI
22,@CNN,0.0,0.0,1.0,0.0,Thu Mar 29 11:03:17 +0000 2018,23,This is literally the quietest place on Earth https://t.co/8g7T0e9sSg https://t.co/MIrkgW2g6Y
23,@CNN,-0.3052,0.0,0.87,0.13,Thu Mar 29 10:54:00 +0000 2018,24,"Why Americans are so obsessed with the British royal family (besides the accents, obviously) https://t.co/apKejmFXSP https://t.co/S2SpEYT6fh"
24,@CNN,0.25,0.105,0.895,0.0,Thu Mar 29 10:52:07 +0000 2018,25,"The Democratic advantage on the generic congressional ballot has tightened to 6 percentage points, a new CNN poll c‚Ä¶ https://t.co/mVmgSpFqpf"
25,@CNN,0.0,0.0,1.0,0.0,Thu Mar 29 10:46:01 +0000 2018,26,"SIDS -- long regarded as an unexplained phenomenon -- may have a genetic basis in some cases, a new study suggests‚Ä¶ https://t.co/BYWperinTu"
26,@CNN,0.3384,0.112,0.888,0.0,Thu Mar 29 10:34:52 +0000 2018,27,This $200 billion solar power project in Saudi Arabia would generate far more energy than any existing solar project https://t.co/SIUG3TYcBE
27,@CNN,-0.4767,0.0,0.866,0.134,Thu Mar 29 10:23:42 +0000 2018,28,"There are visible, external signs that can indicate if something is wrong with your heart -- check your fingers, ea‚Ä¶ https://t.co/JYQe40u1hp"
28,@CNN,0.0,0.0,1.0,0.0,Thu Mar 29 10:12:31 +0000 2018,29,Here's how to get the most for your money out of a plane ticket https://t.co/Q8FTiE47Xs https://t.co/6l2ypwiDTV
29,@CNN,-0.7461,0.0,0.654,0.346,Thu Mar 29 10:01:06 +0000 2018,30,There's not a 'snowflake's chance in hell' of repealing the Second Amendment | @CNNPolitics Analysis‚Ä¶ https://t.co/jUoo3b3R2E
30,@CNN,0.3612,0.122,0.878,0.0,Thu Mar 29 09:50:17 +0000 2018,31,This is what life is like for would-be immigrants to the US from Mexico and Central America https://t.co/jfvm5dYRZc https://t.co/WuacEV8DrL
31,@CNN,-0.296,0.0,0.896,0.104,Thu Mar 29 09:42:02 +0000 2018,32,"The White House refused to answer if Trump was aware of a $130,000 payment made to porn star Stormy Daniels‚Ä¶ https://t.co/hg3G7BrEBz"
32,@CNN,0.5994,0.281,0.719,0.0,Thu Mar 29 09:30:52 +0000 2018,33,There's more to do in the Caribbean than beautiful beaches https://t.co/Lgj893cMP5
33,@CNN,0.0,0.0,1.0,0.0,Thu Mar 29 09:20:10 +0000 2018,34,This teen inventor is developing 20-foot air filters to rid cities of pollution https://t.co/8C6Icp7NjP
34,@CNN,0.0772,0.115,0.783,0.101,Thu Mar 29 09:09:33 +0000 2018,35,"Learn from the Holocaust and stop the massacre in Syria, say Holocaust survivor @EvaMozesKor and human rights activ‚Ä¶ https://t.co/7tZ4OLCfQj"
35,@CNN,0.0,0.0,1.0,0.0,Thu Mar 29 08:58:39 +0000 2018,36,Plastic bottles make up a third of the litter in our oceans https://t.co/bRAerh1o2w
36,@CNN,0.0,0.0,1.0,0.0,Thu Mar 29 08:48:13 +0000 2018,37,"Ireland, which has some of the strictest abortion laws in the developed world, will vote on whether abortion should‚Ä¶ https://t.co/JXJ3vTlW2U"
37,@CNN,0.0,0.0,1.0,0.0,Thu Mar 29 08:37:38 +0000 2018,38,"A lanyard around her neck held an ID card from the International Organization for Migration.

""I am a refugee from‚Ä¶ https://t.co/dNY589EbX0"
38,@CNN,0.0,0.0,1.0,0.0,Thu Mar 29 08:24:44 +0000 2018,39,"The far right's ""noxious populism"" has seeped into the highest halls of power in Germany | @CNNOpinion https://t.co/w6OYMyIAsk"
39,@CNN,0.0,0.0,1.0,0.0,Thu Mar 29 08:14:30 +0000 2018,40,The first case of super-resistant gonorrhea has been reported in the UK https://t.co/i2Xjjj1QmY https://t.co/z00NIFgHiO
40,@CNN,0.2023,0.152,0.735,0.113,Thu Mar 29 11:39:38 +0000 2018,41,"Students, parents and friends of the Parkland shooting victims sorted through dozens of hand-written letters, poems‚Ä¶ https://t.co/c291LnnlB1"
41,@CNN,-0.8126,0.0,0.669,0.331,Thu Mar 29 11:27:38 +0000 2018,42,A South African woman who hurled racist slurs at a black police officer has been sentenced to three years in prison  https://t.co/GKJhU0aCcI
42,@CNN,0.0,0.0,1.0,0.0,Thu Mar 29 11:03:17 +0000 2018,43,This is literally the quietest place on Earth https://t.co/8g7T0e9sSg https://t.co/MIrkgW2g6Y
43,@CNN,-0.3052,0.0,0.87,0.13,Thu Mar 29 10:54:00 +0000 2018,44,"Why Americans are so obsessed with the British royal family (besides the accents, obviously) https://t.co/apKejmFXSP https://t.co/S2SpEYT6fh"
44,@CNN,0.25,0.105,0.895,0.0,Thu Mar 29 10:52:07 +0000 2018,45,"The Democratic advantage on the generic congressional ballot has tightened to 6 percentage points, a new CNN poll c‚Ä¶ https://t.co/mVmgSpFqpf"
45,@CNN,0.0,0.0,1.0,0.0,Thu Mar 29 10:46:01 +0000 2018,46,"SIDS -- long regarded as an unexplained phenomenon -- may have a genetic basis in some cases, a new study suggests‚Ä¶ https://t.co/BYWperinTu"
46,@CNN,0.3384,0.112,0.888,0.0,Thu Mar 29 10:34:52 +0000 2018,47,This $200 billion solar power project in Saudi Arabia would generate far more energy than any existing solar project https://t.co/SIUG3TYcBE
47,@CNN,-0.4767,0.0,0.866,0.134,Thu Mar 29 10:23:42 +0000 2018,48,"There are visible, external signs that can indicate if something is wrong with your heart -- check your fingers, ea‚Ä¶ https://t.co/JYQe40u1hp"
48,@CNN,0.0,0.0,1.0,0.0,Thu Mar 29 10:12:31 +0000 2018,49,Here's how to get the most for your money out of a plane ticket https://t.co/Q8FTiE47Xs https://t.co/6l2ypwiDTV
49,@CNN,-0.7461,0.0,0.654,0.346,Thu Mar 29 10:01:06 +0000 2018,50,There's not a 'snowflake's chance in hell' of repealing the Second Amendment | @CNNPolitics Analysis‚Ä¶ https://t.co/jUoo3b3R2E
50,@CNN,0.3612,0.122,0.878,0.0,Thu Mar 29 09:50:17 +0000 2018,51,This is what life is like for would-be immigrants to the US from Mexico and Central America https://t.co/jfvm5dYRZc https://t.co/WuacEV8DrL
51,@CNN,-0.296,0.0,0.896,0.104,Thu Mar 29 09:42:02 +0000 2018,52,"The White House refused to answer if Trump was aware of a $130,000 payment made to porn star Stormy Daniels‚Ä¶ https://t.co/hg3G7BrEBz"
52,@CNN,0.5994,0.281,0.719,0.0,Thu Mar 29 09:30:52 +0000 2018,53,There's more to do in the Caribbean than beautiful beaches https://t.co/Lgj893cMP5
53,@CNN,0.0,0.0,1.0,0.0,Thu Mar 29 09:20:10 +0000 2018,54,This teen inventor is developing 20-foot air filters to rid cities of pollution https://t.co/8C6Icp7NjP
54,@CNN,0.0772,0.115,0.783,0.101,Thu Mar 29 09:09:33 +0000 2018,55,"Learn from the Holocaust and stop the massacre in Syria, say Holocaust survivor @EvaMozesKor and human rights activ‚Ä¶ https://t.co/7tZ4OLCfQj"
55,@CNN,0.0,0.0,1.0,0.0,Thu Mar 29 08:58:39 +0000 2018,56,Plastic bottles make up a third of the litter in our oceans https://t.co/bRAerh1o2w
56,@CNN,0.0,0.0,1.0,0.0,Thu Mar 29 08:48:13 +0000 2018,57,"Ireland, which has some of the strictest abortion laws in the developed world, will vote on whether abortion should‚Ä¶ https://t.co/JXJ3vTlW2U"
57,@CNN,0.0,0.0,1.0,0.0,Thu Mar 29 08:37:38 +0000 2018,58,"A lanyard around her neck held an ID card from the International Organization for Migration.

""I am a refugee from‚Ä¶ https://t.co/dNY589EbX0"
58,@CNN,0.0,0.0,1.0,0.0,Thu Mar 29 08:24:44 +0000 2018,59,"The far right's ""noxious populism"" has seeped into the highest halls of power in Germany | @CNNOpinion https://t.co/w6OYMyIAsk"
59,@CNN,0.0,0.0,1.0,0.0,Thu Mar 29 08:14:30 +0000 2018,60,The first case of super-resistant gonorrhea has been reported in the UK https://t.co/i2Xjjj1QmY https://t.co/z00NIFgHiO
60,@CNN,0.2023,0.152,0.735,0.113,Thu Mar 29 11:39:38 +0000 2018,61,"Students, parents and friends of the Parkland shooting victims sorted through dozens of hand-written letters, poems‚Ä¶ https://t.co/c291LnnlB1"
61,@CNN,-0.8126,0.0,0.669,0.331,Thu Mar 29 11:27:38 +0000 2018,62,A South African woman who hurled racist slurs at a black police officer has been sentenced to three years in prison  https://t.co/GKJhU0aCcI
62,@CNN,0.0,0.0,1.0,0.0,Thu Mar 29 11:03:17 +0000 2018,63,This is literally the quietest place on Earth https://t.co/8g7T0e9sSg https://t.co/MIrkgW2g6Y
63,@CNN,-0.3052,0.0,0.87,0.13,Thu Mar 29 10:54:00 +0000 2018,64,"Why Americans are so obsessed with the British royal family (besides the accents, obviously) https://t.co/apKejmFXSP https://t.co/S2SpEYT6fh"
64,@CNN,0.25,0.105,0.895,0.0,Thu Mar 29 10:52:07 +0000 2018,65,"The Democratic advantage on the generic congressional ballot has tightened to 6 percentage points, a new CNN poll c‚Ä¶ https://t.co/mVmgSpFqpf"
65,@CNN,0.0,0.0,1.0,0.0,Thu Mar 29 10:46:01 +0000 2018,66,"SIDS -- long regarded as an unexplained phenomenon -- may have a genetic basis in some cases, a new study suggests‚Ä¶ https://t.co/BYWperinTu"
66,@CNN,0.3384,0.112,0.888,0.0,Thu Mar 29 10:34:52 +0000 2018,67,This $200 billion solar power project in Saudi Arabia would generate far more energy than any existing solar project https://t.co/SIUG3TYcBE
67,@CNN,-0.4767,0.0,0.866,0.134,Thu Mar 29 10:23:42 +0000 2018,68,"There are visible, external signs that can indicate if something is wrong with your heart -- check your fingers, ea‚Ä¶ https://t.co/JYQe40u1hp"
68,@CNN,0.0,0.0,1.0,0.0,Thu Mar 29 10:12:31 +0000 2018,69,Here's how to get the most for your money out of a plane ticket https://t.co/Q8FTiE47Xs https://t.co/6l2ypwiDTV
69,@CNN,-0.7461,0.0,0.654,0.346,Thu Mar 29 10:01:06 +0000 2018,70,There's not a 'snowflake's chance in hell' of repealing the Second Amendment | @CNNPolitics Analysis‚Ä¶ https://t.co/jUoo3b3R2E
70,@CNN,0.3612,0.122,0.878,0.0,Thu Mar 29 09:50:17 +0000 2018,71,This is what life is like for would-be immigrants to the US from Mexico and Central America https://t.co/jfvm5dYRZc https://t.co/WuacEV8DrL
71,@CNN,-0.296,0.0,0.896,0.104,Thu Mar 29 09:42:02 +0000 2018,72,"The White House refused to answer if Trump was aware of a $130,000 payment made to porn star Stormy Daniels‚Ä¶ https://t.co/hg3G7BrEBz"
72,@CNN,0.5994,0.281,0.719,0.0,Thu Mar 29 09:30:52 +0000 2018,73,There's more to do in the Caribbean than beautiful beaches https://t.co/Lgj893cMP5
73,@CNN,0.0,0.0,1.0,0.0,Thu Mar 29 09:20:10 +0000 2018,74,This teen inventor is developing 20-foot air filters to rid cities of pollution https://t.co/8C6Icp7NjP
74,@CNN,0.0772,0.115,0.783,0.101,Thu Mar 29 09:09:33 +0000 2018,75,"Learn from the Holocaust and stop the massacre in Syria, say Holocaust survivor @EvaMozesKor and human rights activ‚Ä¶ https://t.co/7tZ4OLCfQj"
75,@CNN,0.0,0.0,1.0,0.0,Thu Mar 29 08:58:39 +0000 2018,76,Plastic bottles make up a third of the litter in our oceans https://t.co/bRAerh1o2w
76,@CNN,0.0,0.0,1.0,0.0,Thu Mar 29 08:48:13 +0000 2018,77,"Ireland, which has some of the strictest abortion laws in the developed world, will vote on whether abortion should‚Ä¶ https://t.co/JXJ3vTlW2U"
77,@CNN,0.0,0.0,1.0,0.0,Thu Mar 29 08:37:38 +0000 2018,78,"A lanyard around her neck held an ID card from the International Organization for Migration.

""I am a refugee from‚Ä¶ https://t.co/dNY589EbX0"
78,@CNN,0.0,0.0,1.0,0.0,Thu Mar 29 08:24:44 +0000 2018,79,"The far right's ""noxious populism"" has seeped into the highest halls of power in Germany | @CNNOpinion https://t.co/w6OYMyIAsk"
79,@CNN,0.0,0.0,1.0,0.0,Thu Mar 29 08:14:30 +0000 2018,80,The first case of super-resistant gonorrhea has been reported in the UK https://t.co/i2Xjjj1QmY https://t.co/z00NIFgHiO
80,@CNN,0.2023,0.152,0.735,0.113,Thu Mar 29 11:39:38 +0000 2018,81,"Students, parents and friends of the Parkland shooting victims sorted through dozens of hand-written letters, poems‚Ä¶ https://t.co/c291LnnlB1"
81,@CNN,-0.8126,0.0,0.669,0.331,Thu Mar 29 11:27:38 +0000 2018,82,A South African woman who hurled racist slurs at a black police officer has been sentenced to three years in prison  https://t.co/GKJhU0aCcI
82,@CNN,0.0,0.0,1.0,0.0,Thu Mar 29 11:03:17 +0000 2018,83,This is literally the quietest place on Earth https://t.co/8g7T0e9sSg https://t.co/MIrkgW2g6Y
83,@CNN,-0.3052,0.0,0.87,0.13,Thu Mar 29 10:54:00 +0000 2018,84,"Why Americans are so obsessed with the British royal family (besides the accents, obviously) https://t.co/apKejmFXSP https://t.co/S2SpEYT6fh"
84,@CNN,0.25,0.105,0.895,0.0,Thu Mar 29 10:52:07 +0000 2018,85,"The Democratic advantage on the generic congressional ballot has tightened to 6 percentage points, a new CNN poll c‚Ä¶ https://t.co/mVmgSpFqpf"
85,@CNN,0.0,0.0,1.0,0.0,Thu Mar 29 10:46:01 +0000 2018,86,"SIDS -- long regarded as an unexplained phenomenon -- may have a genetic basis in some cases, a new study suggests‚Ä¶ https://t.co/BYWperinTu"
86,@CNN,0.3384,0.112,0.888,0.0,Thu Mar 29 10:34:52 +0000 2018,87,This $200 billion solar power project in Saudi Arabia would generate far more energy than any existing solar project https://t.co/SIUG3TYcBE
87,@CNN,-0.4767,0.0,0.866,0.134,Thu Mar 29 10:23:42 +0000 2018,88,"There are visible, external signs that can indicate if something is wrong with your heart -- check your fingers, ea‚Ä¶ https://t.co/JYQe40u1hp"
88,@CNN,0.0,0.0,1.0,0.0,Thu Mar 29 10:12:31 +0000 2018,89,Here's how to get the most for your money out of a plane ticket https://t.co/Q8FTiE47Xs https://t.co/6l2ypwiDTV
89,@CNN,-0.7461,0.0,0.654,0.346,Thu Mar 29 10:01:06 +0000 2018,90,There's not a 'snowflake's chance in hell' of repealing the Second Amendment | @CNNPolitics Analysis‚Ä¶ https://t.co/jUoo3b3R2E
90,@CNN,0.3612,0.122,0.878,0.0,Thu Mar 29 09:50:17 +0000 2018,91,This is what life is like for would-be immigrants to the US from Mexico and Central America https://t.co/jfvm5dYRZc https://t.co/WuacEV8DrL
91,@CNN,-0.296,0.0,0.896,0.104,Thu Mar 29 09:42:02 +0000 2018,92,"The White House refused to answer if Trump was aware of a $130,000 payment made to porn star Stormy Daniels‚Ä¶ https://t.co/hg3G7BrEBz"
92,@CNN,0.5994,0.281,0.719,0.0,Thu Mar 29 09:30:52 +0000 2018,93,There's more to do in the Caribbean than beautiful beaches https://t.co/Lgj893cMP5
93,@CNN,0.0,0.0,1.0,0.0,Thu Mar 29 09:20:10 +0000 2018,94,This teen inventor is developing 20-foot air filters to rid cities of pollution https://t.co/8C6Icp7NjP
94,@CNN,0.0772,0.115,0.783,0.101,Thu Mar 29 09:09:33 +0000 2018,95,"Learn from the Holocaust and stop the massacre in Syria, say Holocaust survivor @EvaMozesKor and human rights activ‚Ä¶ https://t.co/7tZ4OLCfQj"
95,@CNN,0.0,0.0,1.0,0.0,Thu Mar 29 08:58:39 +0000 2018,96,Plastic bottles make up a third of the litter in our oceans https://t.co/bRAerh1o2w
96,@CNN,0.0,0.0,1.0,0.0,Thu Mar 29 08:48:13 +0000 2018,97,"Ireland, which has some of the strictest abortion laws in the developed world, will vote on whether abortion should‚Ä¶ https://t.co/JXJ3vTlW2U"
97,@CNN,0.0,0.0,1.0,0.0,Thu Mar 29 08:37:38 +0000 2018,98,"A lanyard around her neck held an ID card from the International Organization for Migration.

""I am a refugee from‚Ä¶ https://t.co/dNY589EbX0"
98,@CNN,0.0,0.0,1.0,0.0,Thu Mar 29 08:24:44 +0000 2018,99,"The far right's ""noxious populism"" has seeped into the highest halls of power in Germany | @CNNOpinion https://t.co/w6OYMyIAsk"
99,@CNN,0.0,0.0,1.0,0.0,Thu Mar 29 08:14:30 +0000 2018,100,The first case of super-resistant gonorrhea has been reported in the UK https://t.co/i2Xjjj1QmY https://t.co/z00NIFgHiO
0,@nytimes,0.296,0.104,0.896,0.0,Thu Mar 29 11:41:01 +0000 2018,1,The talks about possible pardons suggest that the White House was concerned about what Michael Flynn and Paul Manaf‚Ä¶ https://t.co/k90k3WE2PR
1,@nytimes,0.0,0.0,1.0,0.0,Thu Mar 29 11:30:09 +0000 2018,2,"Heineken pulled a series of commercials for light beer this week that featured the tagline ‚Äúsometimes, lighter is b‚Ä¶ https://t.co/mTsW3XyLNJ"
2,@nytimes,0.802,0.325,0.675,0.0,Thu Mar 29 11:14:03 +0000 2018,3,"President Trump called Roseanne Barr to congratulate her on the revival of her comedy, ""Roseanne,"" and to thank her‚Ä¶ https://t.co/64i024KWXP"
3,@nytimes,0.0,0.0,1.0,0.0,Thu Mar 29 10:59:02 +0000 2018,4,"RT @nytimesworld: For the first time since militants shot her 6 years ago simply because she wanted girls to be able to go to school, Malal‚Ä¶"
4,@nytimes,0.0,0.0,1.0,0.0,Thu Mar 29 10:44:04 +0000 2018,5,"North Korea‚Äôs leader, Kim Jong-un, and President Moon Jae-in of South Korea will meet for the first time on April 2‚Ä¶ https://t.co/Y6HqEMb2cL"
5,@nytimes,0.0,0.0,1.0,0.0,Thu Mar 29 10:30:08 +0000 2018,6,"In Opinion

David J. Shulkin writes: ""In recent months, the environment in Washington has turned so toxic, chaotic,‚Ä¶ https://t.co/AEhlToRpOV"
6,@nytimes,0.0,0.0,1.0,0.0,Thu Mar 29 10:16:01 +0000 2018,7,Indian officials have been ordered to stay away from the Dalai Lama's rally thanking India for hosting his exile https://t.co/Wjdoz0O7h8
7,@nytimes,0.0,0.0,1.0,0.0,Thu Mar 29 10:00:19 +0000 2018,8,Morning¬†Briefing: Here's what you need to know to start your day https://t.co/a0SeLW9cx8 https://t.co/Yo3BKmpuVw
8,@nytimes,-0.4588,0.0,0.875,0.125,Thu Mar 29 09:44:04 +0000 2018,9,"""He threatened to burn down my house with me in it,"" one woman wrote in her application for a restraining order. ""H‚Ä¶ https://t.co/QVE25KoUL5"
9,@nytimes,-0.4767,0.0,0.853,0.147,Thu Mar 29 09:30:11 +0000 2018,10,"Ecuador suspended internet access for Julian Assange, the WikiLeaks founder who since 2012 has lived in Ecuador‚Äôs E‚Ä¶ https://t.co/bsONTosvaX"
10,@nytimes,-0.8625,0.0,0.652,0.348,Thu Mar 29 09:15:04 +0000 2018,11,"At least 68 people died when a fire erupted during a riot at a jail in the northern Venezuelan city of Valencia, th‚Ä¶ https://t.co/nsdFiGqvg9"
11,@nytimes,0.296,0.115,0.885,0.0,Thu Mar 29 09:00:12 +0000 2018,12,"President Trump's lawyer discussed pardons for Michael Flynn and Paul Manafort last year, according to three people‚Ä¶ https://t.co/07AMIMDgRr"
12,@nytimes,-0.6908,0.0,0.729,0.271,Thu Mar 29 08:45:03 +0000 2018,13,"An emergency medical worker who was exposed to the nerve agent became ill after going to Sergei Skripal's house, su‚Ä¶ https://t.co/CFibQllrCU"
13,@nytimes,0.0,0.0,1.0,0.0,Thu Mar 29 08:30:08 +0000 2018,14,"Malala Yousafzai, the Pakistani activist for girls‚Äô education, returned to Pakistan in her first visit since an att‚Ä¶ https://t.co/LlfYLCzQ58"
14,@nytimes,0.6908,0.263,0.737,0.0,Thu Mar 29 08:14:03 +0000 2018,15,"Thousands gathered in Paris to honor Mireille Knoll, an 85-year-old grandmother and Holocaust survivor who was murd‚Ä¶ https://t.co/qKALIjEMpJ"
15,@nytimes,-0.296,0.0,0.845,0.155,Thu Mar 29 08:02:06 +0000 2018,16,All the major firings and resignations in the Trump administration ‚Äî so far https://t.co/WKFrMOOi2e
16,@nytimes,-0.5423,0.0,0.829,0.171,Thu Mar 29 07:47:05 +0000 2018,17,A Nazi-era law makes it a crime for German doctors to publicly advertise that they perform abortions. One gynecolog‚Ä¶ https://t.co/hMpDzvBXg6
17,@nytimes,-0.6369,0.0,0.792,0.208,Thu Mar 29 07:32:06 +0000 2018,18,"The traditional Cambodian hatred of the ethnic Vietnamese is ""almost pathological."" As a result, the ethnic Vietnam‚Ä¶ https://t.co/YnvHmoSf88"
18,@nytimes,0.0,0.0,1.0,0.0,Thu Mar 29 07:26:50 +0000 2018,19,North and South Korea Set a Date for Summit Meeting at Border https://t.co/OzOT8xXWRt
19,@nytimes,0.3612,0.215,0.646,0.138,Thu Mar 29 07:17:07 +0000 2018,20,"RT @nytimesworld: ‚ÄúShe survived the Holocaust last century, I think she had a happy life, and yet she was killed at home in 2018, frail, an‚Ä¶"
20,@nytimes,0.296,0.104,0.896,0.0,Thu Mar 29 11:41:01 +0000 2018,21,The talks about possible pardons suggest that the White House was concerned about what Michael Flynn and Paul Manaf‚Ä¶ https://t.co/k90k3WE2PR
21,@nytimes,0.0,0.0,1.0,0.0,Thu Mar 29 11:30:09 +0000 2018,22,"Heineken pulled a series of commercials for light beer this week that featured the tagline ‚Äúsometimes, lighter is b‚Ä¶ https://t.co/mTsW3XyLNJ"
22,@nytimes,0.802,0.325,0.675,0.0,Thu Mar 29 11:14:03 +0000 2018,23,"President Trump called Roseanne Barr to congratulate her on the revival of her comedy, ""Roseanne,"" and to thank her‚Ä¶ https://t.co/64i024KWXP"
23,@nytimes,0.0,0.0,1.0,0.0,Thu Mar 29 10:59:02 +0000 2018,24,"RT @nytimesworld: For the first time since militants shot her 6 years ago simply because she wanted girls to be able to go to school, Malal‚Ä¶"
24,@nytimes,0.0,0.0,1.0,0.0,Thu Mar 29 10:44:04 +0000 2018,25,"North Korea‚Äôs leader, Kim Jong-un, and President Moon Jae-in of South Korea will meet for the first time on April 2‚Ä¶ https://t.co/Y6HqEMb2cL"
25,@nytimes,0.0,0.0,1.0,0.0,Thu Mar 29 10:30:08 +0000 2018,26,"In Opinion

David J. Shulkin writes: ""In recent months, the environment in Washington has turned so toxic, chaotic,‚Ä¶ https://t.co/AEhlToRpOV"
26,@nytimes,0.0,0.0,1.0,0.0,Thu Mar 29 10:16:01 +0000 2018,27,Indian officials have been ordered to stay away from the Dalai Lama's rally thanking India for hosting his exile https://t.co/Wjdoz0O7h8
27,@nytimes,0.0,0.0,1.0,0.0,Thu Mar 29 10:00:19 +0000 2018,28,Morning¬†Briefing: Here's what you need to know to start your day https://t.co/a0SeLW9cx8 https://t.co/Yo3BKmpuVw
28,@nytimes,-0.4588,0.0,0.875,0.125,Thu Mar 29 09:44:04 +0000 2018,29,"""He threatened to burn down my house with me in it,"" one woman wrote in her application for a restraining order. ""H‚Ä¶ https://t.co/QVE25KoUL5"
29,@nytimes,-0.4767,0.0,0.853,0.147,Thu Mar 29 09:30:11 +0000 2018,30,"Ecuador suspended internet access for Julian Assange, the WikiLeaks founder who since 2012 has lived in Ecuador‚Äôs E‚Ä¶ https://t.co/bsONTosvaX"
30,@nytimes,-0.8625,0.0,0.652,0.348,Thu Mar 29 09:15:04 +0000 2018,31,"At least 68 people died when a fire erupted during a riot at a jail in the northern Venezuelan city of Valencia, th‚Ä¶ https://t.co/nsdFiGqvg9"
31,@nytimes,0.296,0.115,0.885,0.0,Thu Mar 29 09:00:12 +0000 2018,32,"President Trump's lawyer discussed pardons for Michael Flynn and Paul Manafort last year, according to three people‚Ä¶ https://t.co/07AMIMDgRr"
32,@nytimes,-0.6908,0.0,0.729,0.271,Thu Mar 29 08:45:03 +0000 2018,33,"An emergency medical worker who was exposed to the nerve agent became ill after going to Sergei Skripal's house, su‚Ä¶ https://t.co/CFibQllrCU"
33,@nytimes,0.0,0.0,1.0,0.0,Thu Mar 29 08:30:08 +0000 2018,34,"Malala Yousafzai, the Pakistani activist for girls‚Äô education, returned to Pakistan in her first visit since an att‚Ä¶ https://t.co/LlfYLCzQ58"
34,@nytimes,0.6908,0.263,0.737,0.0,Thu Mar 29 08:14:03 +0000 2018,35,"Thousands gathered in Paris to honor Mireille Knoll, an 85-year-old grandmother and Holocaust survivor who was murd‚Ä¶ https://t.co/qKALIjEMpJ"
35,@nytimes,-0.296,0.0,0.845,0.155,Thu Mar 29 08:02:06 +0000 2018,36,All the major firings and resignations in the Trump administration ‚Äî so far https://t.co/WKFrMOOi2e
36,@nytimes,-0.5423,0.0,0.829,0.171,Thu Mar 29 07:47:05 +0000 2018,37,A Nazi-era law makes it a crime for German doctors to publicly advertise that they perform abortions. One gynecolog‚Ä¶ https://t.co/hMpDzvBXg6
37,@nytimes,-0.6369,0.0,0.792,0.208,Thu Mar 29 07:32:06 +0000 2018,38,"The traditional Cambodian hatred of the ethnic Vietnamese is ""almost pathological."" As a result, the ethnic Vietnam‚Ä¶ https://t.co/YnvHmoSf88"
38,@nytimes,0.0,0.0,1.0,0.0,Thu Mar 29 07:26:50 +0000 2018,39,North and South Korea Set a Date for Summit Meeting at Border https://t.co/OzOT8xXWRt
39,@nytimes,0.3612,0.215,0.646,0.138,Thu Mar 29 07:17:07 +0000 2018,40,"RT @nytimesworld: ‚ÄúShe survived the Holocaust last century, I think she had a happy life, and yet she was killed at home in 2018, frail, an‚Ä¶"
40,@nytimes,0.296,0.104,0.896,0.0,Thu Mar 29 11:41:01 +0000 2018,41,The talks about possible pardons suggest that the White House was concerned about what Michael Flynn and Paul Manaf‚Ä¶ https://t.co/k90k3WE2PR
41,@nytimes,0.0,0.0,1.0,0.0,Thu Mar 29 11:30:09 +0000 2018,42,"Heineken pulled a series of commercials for light beer this week that featured the tagline ‚Äúsometimes, lighter is b‚Ä¶ https://t.co/mTsW3XyLNJ"
42,@nytimes,0.802,0.325,0.675,0.0,Thu Mar 29 11:14:03 +0000 2018,43,"President Trump called Roseanne Barr to congratulate her on the revival of her comedy, ""Roseanne,"" and to thank her‚Ä¶ https://t.co/64i024KWXP"
43,@nytimes,0.0,0.0,1.0,0.0,Thu Mar 29 10:59:02 +0000 2018,44,"RT @nytimesworld: For the first time since militants shot her 6 years ago simply because she wanted girls to be able to go to school, Malal‚Ä¶"
44,@nytimes,0.0,0.0,1.0,0.0,Thu Mar 29 10:44:04 +0000 2018,45,"North Korea‚Äôs leader, Kim Jong-un, and President Moon Jae-in of South Korea will meet for the first time on April 2‚Ä¶ https://t.co/Y6HqEMb2cL"
45,@nytimes,0.0,0.0,1.0,0.0,Thu Mar 29 10:30:08 +0000 2018,46,"In Opinion

David J. Shulkin writes: ""In recent months, the environment in Washington has turned so toxic, chaotic,‚Ä¶ https://t.co/AEhlToRpOV"
46,@nytimes,0.0,0.0,1.0,0.0,Thu Mar 29 10:16:01 +0000 2018,47,Indian officials have been ordered to stay away from the Dalai Lama's rally thanking India for hosting his exile https://t.co/Wjdoz0O7h8
47,@nytimes,0.0,0.0,1.0,0.0,Thu Mar 29 10:00:19 +0000 2018,48,Morning¬†Briefing: Here's what you need to know to start your day https://t.co/a0SeLW9cx8 https://t.co/Yo3BKmpuVw
48,@nytimes,-0.4588,0.0,0.875,0.125,Thu Mar 29 09:44:04 +0000 2018,49,"""He threatened to burn down my house with me in it,"" one woman wrote in her application for a restraining order. ""H‚Ä¶ https://t.co/QVE25KoUL5"
49,@nytimes,-0.4767,0.0,0.853,0.147,Thu Mar 29 09:30:11 +0000 2018,50,"Ecuador suspended internet access for Julian Assange, the WikiLeaks founder who since 2012 has lived in Ecuador‚Äôs E‚Ä¶ https://t.co/bsONTosvaX"
50,@nytimes,-0.8625,0.0,0.652,0.348,Thu Mar 29 09:15:04 +0000 2018,51,"At least 68 people died when a fire erupted during a riot at a jail in the northern Venezuelan city of Valencia, th‚Ä¶ https://t.co/nsdFiGqvg9"
51,@nytimes,0.296,0.115,0.885,0.0,Thu Mar 29 09:00:12 +0000 2018,52,"President Trump's lawyer discussed pardons for Michael Flynn and Paul Manafort last year, according to three people‚Ä¶ https://t.co/07AMIMDgRr"
52,@nytimes,-0.6908,0.0,0.729,0.271,Thu Mar 29 08:45:03 +0000 2018,53,"An emergency medical worker who was exposed to the nerve agent became ill after going to Sergei Skripal's house, su‚Ä¶ https://t.co/CFibQllrCU"
53,@nytimes,0.0,0.0,1.0,0.0,Thu Mar 29 08:30:08 +0000 2018,54,"Malala Yousafzai, the Pakistani activist for girls‚Äô education, returned to Pakistan in her first visit since an att‚Ä¶ https://t.co/LlfYLCzQ58"
54,@nytimes,0.6908,0.263,0.737,0.0,Thu Mar 29 08:14:03 +0000 2018,55,"Thousands gathered in Paris to honor Mireille Knoll, an 85-year-old grandmother and Holocaust survivor who was murd‚Ä¶ https://t.co/qKALIjEMpJ"
55,@nytimes,-0.296,0.0,0.845,0.155,Thu Mar 29 08:02:06 +0000 2018,56,All the major firings and resignations in the Trump administration ‚Äî so far https://t.co/WKFrMOOi2e
56,@nytimes,-0.5423,0.0,0.829,0.171,Thu Mar 29 07:47:05 +0000 2018,57,A Nazi-era law makes it a crime for German doctors to publicly advertise that they perform abortions. One gynecolog‚Ä¶ https://t.co/hMpDzvBXg6
57,@nytimes,-0.6369,0.0,0.792,0.208,Thu Mar 29 07:32:06 +0000 2018,58,"The traditional Cambodian hatred of the ethnic Vietnamese is ""almost pathological."" As a result, the ethnic Vietnam‚Ä¶ https://t.co/YnvHmoSf88"
58,@nytimes,0.0,0.0,1.0,0.0,Thu Mar 29 07:26:50 +0000 2018,59,North and South Korea Set a Date for Summit Meeting at Border https://t.co/OzOT8xXWRt
59,@nytimes,0.3612,0.215,0.646,0.138,Thu Mar 29 07:17:07 +0000 2018,60,"RT @nytimesworld: ‚ÄúShe survived the Holocaust last century, I think she had a happy life, and yet she was killed at home in 2018, frail, an‚Ä¶"
60,@nytimes,0.296,0.104,0.896,0.0,Thu Mar 29 11:41:01 +0000 2018,61,The talks about possible pardons suggest that the White House was concerned about what Michael Flynn and Paul Manaf‚Ä¶ https://t.co/k90k3WE2PR
61,@nytimes,0.0,0.0,1.0,0.0,Thu Mar 29 11:30:09 +0000 2018,62,"Heineken pulled a series of commercials for light beer this week that featured the tagline ‚Äúsometimes, lighter is b‚Ä¶ https://t.co/mTsW3XyLNJ"
62,@nytimes,0.802,0.325,0.675,0.0,Thu Mar 29 11:14:03 +0000 2018,63,"President Trump called Roseanne Barr to congratulate her on the revival of her comedy, ""Roseanne,"" and to thank her‚Ä¶ https://t.co/64i024KWXP"
63,@nytimes,0.0,0.0,1.0,0.0,Thu Mar 29 10:59:02 +0000 2018,64,"RT @nytimesworld: For the first time since militants shot her 6 years ago simply because she wanted girls to be able to go to school, Malal‚Ä¶"
64,@nytimes,0.0,0.0,1.0,0.0,Thu Mar 29 10:44:04 +0000 2018,65,"North Korea‚Äôs leader, Kim Jong-un, and President Moon Jae-in of South Korea will meet for the first time on April 2‚Ä¶ https://t.co/Y6HqEMb2cL"
65,@nytimes,0.0,0.0,1.0,0.0,Thu Mar 29 10:30:08 +0000 2018,66,"In Opinion

David J. Shulkin writes: ""In recent months, the environment in Washington has turned so toxic, chaotic,‚Ä¶ https://t.co/AEhlToRpOV"
66,@nytimes,0.0,0.0,1.0,0.0,Thu Mar 29 10:16:01 +0000 2018,67,Indian officials have been ordered to stay away from the Dalai Lama's rally thanking India for hosting his exile https://t.co/Wjdoz0O7h8
67,@nytimes,0.0,0.0,1.0,0.0,Thu Mar 29 10:00:19 +0000 2018,68,Morning¬†Briefing: Here's what you need to know to start your day https://t.co/a0SeLW9cx8 https://t.co/Yo3BKmpuVw
68,@nytimes,-0.4588,0.0,0.875,0.125,Thu Mar 29 09:44:04 +0000 2018,69,"""He threatened to burn down my house with me in it,"" one woman wrote in her application for a restraining order. ""H‚Ä¶ https://t.co/QVE25KoUL5"
69,@nytimes,-0.4767,0.0,0.853,0.147,Thu Mar 29 09:30:11 +0000 2018,70,"Ecuador suspended internet access for Julian Assange, the WikiLeaks founder who since 2012 has lived in Ecuador‚Äôs E‚Ä¶ https://t.co/bsONTosvaX"
70,@nytimes,-0.8625,0.0,0.652,0.348,Thu Mar 29 09:15:04 +0000 2018,71,"At least 68 people died when a fire erupted during a riot at a jail in the northern Venezuelan city of Valencia, th‚Ä¶ https://t.co/nsdFiGqvg9"
71,@nytimes,0.296,0.115,0.885,0.0,Thu Mar 29 09:00:12 +0000 2018,72,"President Trump's lawyer discussed pardons for Michael Flynn and Paul Manafort last year, according to three people‚Ä¶ https://t.co/07AMIMDgRr"
72,@nytimes,-0.6908,0.0,0.729,0.271,Thu Mar 29 08:45:03 +0000 2018,73,"An emergency medical worker who was exposed to the nerve agent became ill after going to Sergei Skripal's house, su‚Ä¶ https://t.co/CFibQllrCU"
73,@nytimes,0.0,0.0,1.0,0.0,Thu Mar 29 08:30:08 +0000 2018,74,"Malala Yousafzai, the Pakistani activist for girls‚Äô education, returned to Pakistan in her first visit since an att‚Ä¶ https://t.co/LlfYLCzQ58"
74,@nytimes,0.6908,0.263,0.737,0.0,Thu Mar 29 08:14:03 +0000 2018,75,"Thousands gathered in Paris to honor Mireille Knoll, an 85-year-old grandmother and Holocaust survivor who was murd‚Ä¶ https://t.co/qKALIjEMpJ"
75,@nytimes,-0.296,0.0,0.845,0.155,Thu Mar 29 08:02:06 +0000 2018,76,All the major firings and resignations in the Trump administration ‚Äî so far https://t.co/WKFrMOOi2e
76,@nytimes,-0.5423,0.0,0.829,0.171,Thu Mar 29 07:47:05 +0000 2018,77,A Nazi-era law makes it a crime for German doctors to publicly advertise that they perform abortions. One gynecolog‚Ä¶ https://t.co/hMpDzvBXg6
77,@nytimes,-0.6369,0.0,0.792,0.208,Thu Mar 29 07:32:06 +0000 2018,78,"The traditional Cambodian hatred of the ethnic Vietnamese is ""almost pathological."" As a result, the ethnic Vietnam‚Ä¶ https://t.co/YnvHmoSf88"
78,@nytimes,0.0,0.0,1.0,0.0,Thu Mar 29 07:26:50 +0000 2018,79,North and South Korea Set a Date for Summit Meeting at Border https://t.co/OzOT8xXWRt
79,@nytimes,0.3612,0.215,0.646,0.138,Thu Mar 29 07:17:07 +0000 2018,80,"RT @nytimesworld: ‚ÄúShe survived the Holocaust last century, I think she had a happy life, and yet she was killed at home in 2018, frail, an‚Ä¶"
80,@nytimes,0.296,0.104,0.896,0.0,Thu Mar 29 11:41:01 +0000 2018,81,The talks about possible pardons suggest that the White House was concerned about what Michael Flynn and Paul Manaf‚Ä¶ https://t.co/k90k3WE2PR
81,@nytimes,0.0,0.0,1.0,0.0,Thu Mar 29 11:30:09 +0000 2018,82,"Heineken pulled a series of commercials for light beer this week that featured the tagline ‚Äúsometimes, lighter is b‚Ä¶ https://t.co/mTsW3XyLNJ"
82,@nytimes,0.802,0.325,0.675,0.0,Thu Mar 29 11:14:03 +0000 2018,83,"President Trump called Roseanne Barr to congratulate her on the revival of her comedy, ""Roseanne,"" and to thank her‚Ä¶ https://t.co/64i024KWXP"
83,@nytimes,0.0,0.0,1.0,0.0,Thu Mar 29 10:59:02 +0000 2018,84,"RT @nytimesworld: For the first time since militants shot her 6 years ago simply because she wanted girls to be able to go to school, Malal‚Ä¶"
84,@nytimes,0.0,0.0,1.0,0.0,Thu Mar 29 10:44:04 +0000 2018,85,"North Korea‚Äôs leader, Kim Jong-un, and President Moon Jae-in of South Korea will meet for the first time on April 2‚Ä¶ https://t.co/Y6HqEMb2cL"
85,@nytimes,0.0,0.0,1.0,0.0,Thu Mar 29 10:30:08 +0000 2018,86,"In Opinion

David J. Shulkin writes: ""In recent months, the environment in Washington has turned so toxic, chaotic,‚Ä¶ https://t.co/AEhlToRpOV"
86,@nytimes,0.0,0.0,1.0,0.0,Thu Mar 29 10:16:01 +0000 2018,87,Indian officials have been ordered to stay away from the Dalai Lama's rally thanking India for hosting his exile https://t.co/Wjdoz0O7h8
87,@nytimes,0.0,0.0,1.0,0.0,Thu Mar 29 10:00:19 +0000 2018,88,Morning¬†Briefing: Here's what you need to know to start your day https://t.co/a0SeLW9cx8 https://t.co/Yo3BKmpuVw
88,@nytimes,-0.4588,0.0,0.875,0.125,Thu Mar 29 09:44:04 +0000 2018,89,"""He threatened to burn down my house with me in it,"" one woman wrote in her application for a restraining order. ""H‚Ä¶ https://t.co/QVE25KoUL5"
89,@nytimes,-0.4767,0.0,0.853,0.147,Thu Mar 29 09:30:11 +0000 2018,90,"Ecuador suspended internet access for Julian Assange, the WikiLeaks founder who since 2012 has lived in Ecuador‚Äôs E‚Ä¶ https://t.co/bsONTosvaX"
90,@nytimes,-0.8625,0.0,0.652,0.348,Thu Mar 29 09:15:04 +0000 2018,91,"At least 68 people died when a fire erupted during a riot at a jail in the northern Venezuelan city of Valencia, th‚Ä¶ https://t.co/nsdFiGqvg9"
91,@nytimes,0.296,0.115,0.885,0.0,Thu Mar 29 09:00:12 +0000 2018,92,"President Trump's lawyer discussed pardons for Michael Flynn and Paul Manafort last year, according to three people‚Ä¶ https://t.co/07AMIMDgRr"
92,@nytimes,-0.6908,0.0,0.729,0.271,Thu Mar 29 08:45:03 +0000 2018,93,"An emergency medical worker who was exposed to the nerve agent became ill after going to Sergei Skripal's house, su‚Ä¶ https://t.co/CFibQllrCU"
93,@nytimes,0.0,0.0,1.0,0.0,Thu Mar 29 08:30:08 +0000 2018,94,"Malala Yousafzai, the Pakistani activist for girls‚Äô education, returned to Pakistan in her first visit since an att‚Ä¶ https://t.co/LlfYLCzQ58"
94,@nytimes,0.6908,0.263,0.737,0.0,Thu Mar 29 08:14:03 +0000 2018,95,"Thousands gathered in Paris to honor Mireille Knoll, an 85-year-old grandmother and Holocaust survivor who was murd‚Ä¶ https://t.co/qKALIjEMpJ"
95,@nytimes,-0.296,0.0,0.845,0.155,Thu Mar 29 08:02:06 +0000 2018,96,All the major firings and resignations in the Trump administration ‚Äî so far https://t.co/WKFrMOOi2e
96,@nytimes,-0.5423,0.0,0.829,0.171,Thu Mar 29 07:47:05 +0000 2018,97,A Nazi-era law makes it a crime for German doctors to publicly advertise that they perform abortions. One gynecolog‚Ä¶ https://t.co/hMpDzvBXg6
97,@nytimes,-0.6369,0.0,0.792,0.208,Thu Mar 29 07:32:06 +0000 2018,98,"The traditional Cambodian hatred of the ethnic Vietnamese is ""almost pathological."" As a result, the ethnic Vietnam‚Ä¶ https://t.co/YnvHmoSf88"
98,@nytimes,0.0,0.0,1.0,0.0,Thu Mar 29 07:26:50 +0000 2018,99,North and South Korea Set a Date for Summit Meeting at Border https://t.co/OzOT8xXWRt
99,@nytimes,0.3612,0.215,0.646,0.138,Thu Mar 29 07:17:07 +0000 2018,100,"RT @nytimesworld: ‚ÄúShe survived the Holocaust last century, I think she had a happy life, and yet she was killed at home in 2018, frail, an‚Ä¶"
0,@FoxNews,0.6249,0.255,0.745,0.0,Thu Mar 29 11:45:00 +0000 2018,1,"Malcolm McCoy: ""There's a lot of great things that Thomas Jefferson has done."" https://t.co/w9lKLEE1hK"
1,@FoxNews,0.0,0.0,1.0,0.0,Thu Mar 29 11:38:00 +0000 2018,2,Driver tries running over soldiers in France. https://t.co/UrncvCPQdE
2,@FoxNews,0.128,0.077,0.923,0.0,Thu Mar 29 11:35:19 +0000 2018,3,"Seton Motley: ""The Defense Department is willing to give a ten-year tech contract to any one company - that's a pro‚Ä¶ https://t.co/vrZDFpQZqT"
3,@FoxNews,0.4939,0.225,0.775,0.0,Thu Mar 29 11:27:34 +0000 2018,4,President @realDonaldTrump personally called @therealroseanne to congratulate her on ratings https://t.co/9fPtrLXRou https://t.co/5DpTTjyZ9M
4,@FoxNews,0.2732,0.091,0.909,0.0,Thu Mar 29 11:15:00 +0000 2018,5,"The last major contingent of American GIs who went to Vietnam are greeted as they arrived at Travis Air Force Base,‚Ä¶ https://t.co/UxVv9jt7vK"
5,@FoxNews,0.0,0.0,1.0,0.0,Thu Mar 29 11:00:42 +0000 2018,6,.@Judgenap: What does Easter mean? (via @FoxNewsOpinion) https://t.co/A1D1S5ua12
6,@FoxNews,0.0,0.0,1.0,0.0,Thu Mar 29 10:39:23 +0000 2018,7,"Susan Rice, ex-Obama official, appointed to Netflix board of directors https://t.co/1Kktn2ZEqq"
7,@FoxNews,-0.5574,0.0,0.662,0.338,Thu Mar 29 10:37:20 +0000 2018,8,".@Uber settles with family of autonomous collision victim, report says https://t.co/xgJvA1TgwY"
8,@FoxNews,0.0,0.0,1.0,0.0,Thu Mar 29 10:34:37 +0000 2018,9,".@BrittMcHenry on 'Adulting 101' college workshop: ""We're getting soft as a society when you think that's necessary‚Ä¶ https://t.co/Ka110Yaucn"
9,@FoxNews,0.0,0.0,1.0,0.0,Thu Mar 29 10:23:56 +0000 2018,10,.@clairecmc branded 'hypocrite' for #Obama and Hollywood-fueled fundraiser https://t.co/oDoJxDTqGW
10,@FoxNews,0.0,0.0,1.0,0.0,Thu Mar 29 10:19:54 +0000 2018,11,"Driver attempts to ram 2 French soldiers out jogging, officials say https://t.co/UTpZZff8yn"
11,@FoxNews,0.0,0.0,1.0,0.0,Thu Mar 29 10:17:02 +0000 2018,12,Colorado seeing rise in rabid skunks https://t.co/T0KuejHuLR
12,@FoxNews,0.0,0.0,1.0,0.0,Thu Mar 29 10:07:04 +0000 2018,13,Georgia mom makes 'entitled' teenage son shop at Goodwill to learn lesson in humility https://t.co/49IjH2zuWI
13,@FoxNews,-0.8271,0.0,0.628,0.372,Thu Mar 29 10:03:05 +0000 2018,14,Outrage grows over police killing of Stephon Clark in Sacramento: '20 shots over a cellphone' https://t.co/nFAOz3hR7z
14,@FoxNews,0.0,0.0,1.0,0.0,Thu Mar 29 10:00:19 +0000 2018,15,Kansas to audit water park where boy decapitated https://t.co/3OVNsU0LrE
15,@FoxNews,-0.4588,0.0,0.85,0.15,Thu Mar 29 09:58:39 +0000 2018,16,.@HeyTammyBruce: The @FBI's outrageous handling of Pulse nightclub shooter Omar Mateen -- What the heck's going on? https://t.co/gT7U32fygS
16,@FoxNews,0.4939,0.262,0.738,0.0,Thu Mar 29 09:55:11 +0000 2018,17,#Trump personally called Roseanne to congratulate her on ratings https://t.co/KCJt2XjG2s
17,@FoxNews,0.0,0.0,1.0,0.0,Thu Mar 29 09:47:02 +0000 2018,18,The doctor is in: @WhiteHouse physician nominated to lead VA https://t.co/u5BqZ4P2Y8
18,@FoxNews,0.0,0.0,1.0,0.0,Thu Mar 29 09:43:56 +0000 2018,19,Pope on Holy Thursday urges priests to be close to sinners https://t.co/gt0YHGg11W
19,@FoxNews,0.5859,0.257,0.743,0.0,Thu Mar 29 09:38:17 +0000 2018,20,.@newtgingrich: Republicans can win in the November elections -- Here‚Äôs how https://t.co/uTLrmdHFqK
20,@FoxNews,0.6249,0.255,0.745,0.0,Thu Mar 29 11:45:00 +0000 2018,21,"Malcolm McCoy: ""There's a lot of great things that Thomas Jefferson has done."" https://t.co/w9lKLEE1hK"
21,@FoxNews,0.0,0.0,1.0,0.0,Thu Mar 29 11:38:00 +0000 2018,22,Driver tries running over soldiers in France. https://t.co/UrncvCPQdE
22,@FoxNews,0.128,0.077,0.923,0.0,Thu Mar 29 11:35:19 +0000 2018,23,"Seton Motley: ""The Defense Department is willing to give a ten-year tech contract to any one company - that's a pro‚Ä¶ https://t.co/vrZDFpQZqT"
23,@FoxNews,0.4939,0.225,0.775,0.0,Thu Mar 29 11:27:34 +0000 2018,24,President @realDonaldTrump personally called @therealroseanne to congratulate her on ratings https://t.co/9fPtrLXRou https://t.co/5DpTTjyZ9M
24,@FoxNews,0.2732,0.091,0.909,0.0,Thu Mar 29 11:15:00 +0000 2018,25,"The last major contingent of American GIs who went to Vietnam are greeted as they arrived at Travis Air Force Base,‚Ä¶ https://t.co/UxVv9jt7vK"
25,@FoxNews,0.0,0.0,1.0,0.0,Thu Mar 29 11:00:42 +0000 2018,26,.@Judgenap: What does Easter mean? (via @FoxNewsOpinion) https://t.co/A1D1S5ua12
26,@FoxNews,0.0,0.0,1.0,0.0,Thu Mar 29 10:39:23 +0000 2018,27,"Susan Rice, ex-Obama official, appointed to Netflix board of directors https://t.co/1Kktn2ZEqq"
27,@FoxNews,-0.5574,0.0,0.662,0.338,Thu Mar 29 10:37:20 +0000 2018,28,".@Uber settles with family of autonomous collision victim, report says https://t.co/xgJvA1TgwY"
28,@FoxNews,0.0,0.0,1.0,0.0,Thu Mar 29 10:34:37 +0000 2018,29,".@BrittMcHenry on 'Adulting 101' college workshop: ""We're getting soft as a society when you think that's necessary‚Ä¶ https://t.co/Ka110Yaucn"
29,@FoxNews,0.0,0.0,1.0,0.0,Thu Mar 29 10:23:56 +0000 2018,30,.@clairecmc branded 'hypocrite' for #Obama and Hollywood-fueled fundraiser https://t.co/oDoJxDTqGW
30,@FoxNews,0.0,0.0,1.0,0.0,Thu Mar 29 10:19:54 +0000 2018,31,"Driver attempts to ram 2 French soldiers out jogging, officials say https://t.co/UTpZZff8yn"
31,@FoxNews,0.0,0.0,1.0,0.0,Thu Mar 29 10:17:02 +0000 2018,32,Colorado seeing rise in rabid skunks https://t.co/T0KuejHuLR
32,@FoxNews,0.0,0.0,1.0,0.0,Thu Mar 29 10:07:04 +0000 2018,33,Georgia mom makes 'entitled' teenage son shop at Goodwill to learn lesson in humility https://t.co/49IjH2zuWI
33,@FoxNews,-0.8271,0.0,0.628,0.372,Thu Mar 29 10:03:05 +0000 2018,34,Outrage grows over police killing of Stephon Clark in Sacramento: '20 shots over a cellphone' https://t.co/nFAOz3hR7z
34,@FoxNews,0.0,0.0,1.0,0.0,Thu Mar 29 10:00:19 +0000 2018,35,Kansas to audit water park where boy decapitated https://t.co/3OVNsU0LrE
35,@FoxNews,-0.4588,0.0,0.85,0.15,Thu Mar 29 09:58:39 +0000 2018,36,.@HeyTammyBruce: The @FBI's outrageous handling of Pulse nightclub shooter Omar Mateen -- What the heck's going on? https://t.co/gT7U32fygS
36,@FoxNews,0.4939,0.262,0.738,0.0,Thu Mar 29 09:55:11 +0000 2018,37,#Trump personally called Roseanne to congratulate her on ratings https://t.co/KCJt2XjG2s
37,@FoxNews,0.0,0.0,1.0,0.0,Thu Mar 29 09:47:02 +0000 2018,38,The doctor is in: @WhiteHouse physician nominated to lead VA https://t.co/u5BqZ4P2Y8
38,@FoxNews,0.0,0.0,1.0,0.0,Thu Mar 29 09:43:56 +0000 2018,39,Pope on Holy Thursday urges priests to be close to sinners https://t.co/gt0YHGg11W
39,@FoxNews,0.5859,0.257,0.743,0.0,Thu Mar 29 09:38:17 +0000 2018,40,.@newtgingrich: Republicans can win in the November elections -- Here‚Äôs how https://t.co/uTLrmdHFqK
40,@FoxNews,0.6249,0.255,0.745,0.0,Thu Mar 29 11:45:00 +0000 2018,41,"Malcolm McCoy: ""There's a lot of great things that Thomas Jefferson has done."" https://t.co/w9lKLEE1hK"
41,@FoxNews,0.0,0.0,1.0,0.0,Thu Mar 29 11:38:00 +0000 2018,42,Driver tries running over soldiers in France. https://t.co/UrncvCPQdE
42,@FoxNews,0.128,0.077,0.923,0.0,Thu Mar 29 11:35:19 +0000 2018,43,"Seton Motley: ""The Defense Department is willing to give a ten-year tech contract to any one company - that's a pro‚Ä¶ https://t.co/vrZDFpQZqT"
43,@FoxNews,0.4939,0.225,0.775,0.0,Thu Mar 29 11:27:34 +0000 2018,44,President @realDonaldTrump personally called @therealroseanne to congratulate her on ratings https://t.co/9fPtrLXRou https://t.co/5DpTTjyZ9M
44,@FoxNews,0.2732,0.091,0.909,0.0,Thu Mar 29 11:15:00 +0000 2018,45,"The last major contingent of American GIs who went to Vietnam are greeted as they arrived at Travis Air Force Base,‚Ä¶ https://t.co/UxVv9jt7vK"
45,@FoxNews,0.0,0.0,1.0,0.0,Thu Mar 29 11:00:42 +0000 2018,46,.@Judgenap: What does Easter mean? (via @FoxNewsOpinion) https://t.co/A1D1S5ua12
46,@FoxNews,0.0,0.0,1.0,0.0,Thu Mar 29 10:39:23 +0000 2018,47,"Susan Rice, ex-Obama official, appointed to Netflix board of directors https://t.co/1Kktn2ZEqq"
47,@FoxNews,-0.5574,0.0,0.662,0.338,Thu Mar 29 10:37:20 +0000 2018,48,".@Uber settles with family of autonomous collision victim, report says https://t.co/xgJvA1TgwY"
48,@FoxNews,0.0,0.0,1.0,0.0,Thu Mar 29 10:34:37 +0000 2018,49,".@BrittMcHenry on 'Adulting 101' college workshop: ""We're getting soft as a society when you think that's necessary‚Ä¶ https://t.co/Ka110Yaucn"
49,@FoxNews,0.0,0.0,1.0,0.0,Thu Mar 29 10:23:56 +0000 2018,50,.@clairecmc branded 'hypocrite' for #Obama and Hollywood-fueled fundraiser https://t.co/oDoJxDTqGW
50,@FoxNews,0.0,0.0,1.0,0.0,Thu Mar 29 10:19:54 +0000 2018,51,"Driver attempts to ram 2 French soldiers out jogging, officials say https://t.co/UTpZZff8yn"
51,@FoxNews,0.0,0.0,1.0,0.0,Thu Mar 29 10:17:02 +0000 2018,52,Colorado seeing rise in rabid skunks https://t.co/T0KuejHuLR
52,@FoxNews,0.0,0.0,1.0,0.0,Thu Mar 29 10:07:04 +0000 2018,53,Georgia mom makes 'entitled' teenage son shop at Goodwill to learn lesson in humility https://t.co/49IjH2zuWI
53,@FoxNews,-0.8271,0.0,0.628,0.372,Thu Mar 29 10:03:05 +0000 2018,54,Outrage grows over police killing of Stephon Clark in Sacramento: '20 shots over a cellphone' https://t.co/nFAOz3hR7z
54,@FoxNews,0.0,0.0,1.0,0.0,Thu Mar 29 10:00:19 +0000 2018,55,Kansas to audit water park where boy decapitated https://t.co/3OVNsU0LrE
55,@FoxNews,-0.4588,0.0,0.85,0.15,Thu Mar 29 09:58:39 +0000 2018,56,.@HeyTammyBruce: The @FBI's outrageous handling of Pulse nightclub shooter Omar Mateen -- What the heck's going on? https://t.co/gT7U32fygS
56,@FoxNews,0.4939,0.262,0.738,0.0,Thu Mar 29 09:55:11 +0000 2018,57,#Trump personally called Roseanne to congratulate her on ratings https://t.co/KCJt2XjG2s
57,@FoxNews,0.0,0.0,1.0,0.0,Thu Mar 29 09:47:02 +0000 2018,58,The doctor is in: @WhiteHouse physician nominated to lead VA https://t.co/u5BqZ4P2Y8
58,@FoxNews,0.0,0.0,1.0,0.0,Thu Mar 29 09:43:56 +0000 2018,59,Pope on Holy Thursday urges priests to be close to sinners https://t.co/gt0YHGg11W
59,@FoxNews,0.5859,0.257,0.743,0.0,Thu Mar 29 09:38:17 +0000 2018,60,.@newtgingrich: Republicans can win in the November elections -- Here‚Äôs how https://t.co/uTLrmdHFqK
60,@FoxNews,0.6249,0.255,0.745,0.0,Thu Mar 29 11:45:00 +0000 2018,61,"Malcolm McCoy: ""There's a lot of great things that Thomas Jefferson has done."" https://t.co/w9lKLEE1hK"
61,@FoxNews,0.0,0.0,1.0,0.0,Thu Mar 29 11:38:00 +0000 2018,62,Driver tries running over soldiers in France. https://t.co/UrncvCPQdE
62,@FoxNews,0.128,0.077,0.923,0.0,Thu Mar 29 11:35:19 +0000 2018,63,"Seton Motley: ""The Defense Department is willing to give a ten-year tech contract to any one company - that's a pro‚Ä¶ https://t.co/vrZDFpQZqT"
63,@FoxNews,0.4939,0.225,0.775,0.0,Thu Mar 29 11:27:34 +0000 2018,64,President @realDonaldTrump personally called @therealroseanne to congratulate her on ratings https://t.co/9fPtrLXRou https://t.co/5DpTTjyZ9M
64,@FoxNews,0.2732,0.091,0.909,0.0,Thu Mar 29 11:15:00 +0000 2018,65,"The last major contingent of American GIs who went to Vietnam are greeted as they arrived at Travis Air Force Base,‚Ä¶ https://t.co/UxVv9jt7vK"
65,@FoxNews,0.0,0.0,1.0,0.0,Thu Mar 29 11:00:42 +0000 2018,66,.@Judgenap: What does Easter mean? (via @FoxNewsOpinion) https://t.co/A1D1S5ua12
66,@FoxNews,0.0,0.0,1.0,0.0,Thu Mar 29 10:39:23 +0000 2018,67,"Susan Rice, ex-Obama official, appointed to Netflix board of directors https://t.co/1Kktn2ZEqq"
67,@FoxNews,-0.5574,0.0,0.662,0.338,Thu Mar 29 10:37:20 +0000 2018,68,".@Uber settles with family of autonomous collision victim, report says https://t.co/xgJvA1TgwY"
68,@FoxNews,0.0,0.0,1.0,0.0,Thu Mar 29 10:34:37 +0000 2018,69,".@BrittMcHenry on 'Adulting 101' college workshop: ""We're getting soft as a society when you think that's necessary‚Ä¶ https://t.co/Ka110Yaucn"
69,@FoxNews,0.0,0.0,1.0,0.0,Thu Mar 29 10:23:56 +0000 2018,70,.@clairecmc branded 'hypocrite' for #Obama and Hollywood-fueled fundraiser https://t.co/oDoJxDTqGW
70,@FoxNews,0.0,0.0,1.0,0.0,Thu Mar 29 10:19:54 +0000 2018,71,"Driver attempts to ram 2 French soldiers out jogging, officials say https://t.co/UTpZZff8yn"
71,@FoxNews,0.0,0.0,1.0,0.0,Thu Mar 29 10:17:02 +0000 2018,72,Colorado seeing rise in rabid skunks https://t.co/T0KuejHuLR
72,@FoxNews,0.0,0.0,1.0,0.0,Thu Mar 29 10:07:04 +0000 2018,73,Georgia mom makes 'entitled' teenage son shop at Goodwill to learn lesson in humility https://t.co/49IjH2zuWI
73,@FoxNews,-0.8271,0.0,0.628,0.372,Thu Mar 29 10:03:05 +0000 2018,74,Outrage grows over police killing of Stephon Clark in Sacramento: '20 shots over a cellphone' https://t.co/nFAOz3hR7z
74,@FoxNews,0.0,0.0,1.0,0.0,Thu Mar 29 10:00:19 +0000 2018,75,Kansas to audit water park where boy decapitated https://t.co/3OVNsU0LrE
75,@FoxNews,-0.4588,0.0,0.85,0.15,Thu Mar 29 09:58:39 +0000 2018,76,.@HeyTammyBruce: The @FBI's outrageous handling of Pulse nightclub shooter Omar Mateen -- What the heck's going on? https://t.co/gT7U32fygS
76,@FoxNews,0.4939,0.262,0.738,0.0,Thu Mar 29 09:55:11 +0000 2018,77,#Trump personally called Roseanne to congratulate her on ratings https://t.co/KCJt2XjG2s
77,@FoxNews,0.0,0.0,1.0,0.0,Thu Mar 29 09:47:02 +0000 2018,78,The doctor is in: @WhiteHouse physician nominated to lead VA https://t.co/u5BqZ4P2Y8
78,@FoxNews,0.0,0.0,1.0,0.0,Thu Mar 29 09:43:56 +0000 2018,79,Pope on Holy Thursday urges priests to be close to sinners https://t.co/gt0YHGg11W
79,@FoxNews,0.5859,0.257,0.743,0.0,Thu Mar 29 09:38:17 +0000 2018,80,.@newtgingrich: Republicans can win in the November elections -- Here‚Äôs how https://t.co/uTLrmdHFqK
80,@FoxNews,0.6249,0.255,0.745,0.0,Thu Mar 29 11:45:00 +0000 2018,81,"Malcolm McCoy: ""There's a lot of great things that Thomas Jefferson has done."" https://t.co/w9lKLEE1hK"
81,@FoxNews,0.0,0.0,1.0,0.0,Thu Mar 29 11:38:00 +0000 2018,82,Driver tries running over soldiers in France. https://t.co/UrncvCPQdE
82,@FoxNews,0.128,0.077,0.923,0.0,Thu Mar 29 11:35:19 +0000 2018,83,"Seton Motley: ""The Defense Department is willing to give a ten-year tech contract to any one company - that's a pro‚Ä¶ https://t.co/vrZDFpQZqT"
83,@FoxNews,0.4939,0.225,0.775,0.0,Thu Mar 29 11:27:34 +0000 2018,84,President @realDonaldTrump personally called @therealroseanne to congratulate her on ratings https://t.co/9fPtrLXRou https://t.co/5DpTTjyZ9M
84,@FoxNews,0.2732,0.091,0.909,0.0,Thu Mar 29 11:15:00 +0000 2018,85,"The last major contingent of American GIs who went to Vietnam are greeted as they arrived at Travis Air Force Base,‚Ä¶ https://t.co/UxVv9jt7vK"
85,@FoxNews,0.0,0.0,1.0,0.0,Thu Mar 29 11:00:42 +0000 2018,86,.@Judgenap: What does Easter mean? (via @FoxNewsOpinion) https://t.co/A1D1S5ua12
86,@FoxNews,0.0,0.0,1.0,0.0,Thu Mar 29 10:39:23 +0000 2018,87,"Susan Rice, ex-Obama official, appointed to Netflix board of directors https://t.co/1Kktn2ZEqq"
87,@FoxNews,-0.5574,0.0,0.662,0.338,Thu Mar 29 10:37:20 +0000 2018,88,".@Uber settles with family of autonomous collision victim, report says https://t.co/xgJvA1TgwY"
88,@FoxNews,0.0,0.0,1.0,0.0,Thu Mar 29 10:34:37 +0000 2018,89,".@BrittMcHenry on 'Adulting 101' college workshop: ""We're getting soft as a society when you think that's necessary‚Ä¶ https://t.co/Ka110Yaucn"
89,@FoxNews,0.0,0.0,1.0,0.0,Thu Mar 29 10:23:56 +0000 2018,90,.@clairecmc branded 'hypocrite' for #Obama and Hollywood-fueled fundraiser https://t.co/oDoJxDTqGW
90,@FoxNews,0.0,0.0,1.0,0.0,Thu Mar 29 10:19:54 +0000 2018,91,"Driver attempts to ram 2 French soldiers out jogging, officials say https://t.co/UTpZZff8yn"
91,@FoxNews,0.0,0.0,1.0,0.0,Thu Mar 29 10:17:02 +0000 2018,92,Colorado seeing rise in rabid skunks https://t.co/T0KuejHuLR
92,@FoxNews,0.0,0.0,1.0,0.0,Thu Mar 29 10:07:04 +0000 2018,93,Georgia mom makes 'entitled' teenage son shop at Goodwill to learn lesson in humility https://t.co/49IjH2zuWI
93,@FoxNews,-0.8271,0.0,0.628,0.372,Thu Mar 29 10:03:05 +0000 2018,94,Outrage grows over police killing of Stephon Clark in Sacramento: '20 shots over a cellphone' https://t.co/nFAOz3hR7z
94,@FoxNews,0.0,0.0,1.0,0.0,Thu Mar 29 10:00:19 +0000 2018,95,Kansas to audit water park where boy decapitated https://t.co/3OVNsU0LrE
95,@FoxNews,-0.4588,0.0,0.85,0.15,Thu Mar 29 09:58:39 +0000 2018,96,.@HeyTammyBruce: The @FBI's outrageous handling of Pulse nightclub shooter Omar Mateen -- What the heck's going on? https://t.co/gT7U32fygS
96,@FoxNews,0.4939,0.262,0.738,0.0,Thu Mar 29 09:55:11 +0000 2018,97,#Trump personally called Roseanne to congratulate her on ratings https://t.co/KCJt2XjG2s
97,@FoxNews,0.0,0.0,1.0,0.0,Thu Mar 29 09:47:02 +0000 2018,98,The doctor is in: @WhiteHouse physician nominated to lead VA https://t.co/u5BqZ4P2Y8
98,@FoxNews,0.0,0.0,1.0,0.0,Thu Mar 29 09:43:56 +0000 2018,99,Pope on Holy Thursday urges priests to be close to sinners https://t.co/gt0YHGg11W
99,@FoxNews,0.5859,0.257,0.743,0.0,Thu Mar 29 09:38:17 +0000 2018,100,.@newtgingrich: Republicans can win in the November elections -- Here‚Äôs how https://t.co/uTLrmdHFqK
